artist_name,track_name,track_id,track_popularity,artist_id
Gunna,fukumean,4rXLjWdF2ZZpXCVTfWcshS,96,2hlmm7s2ICUX0LVIhVFlZQ
Olivia Rodrigo,vampire,3k79jB4aGmMDUQzEwa46Rz,97,1McMsnEElThX1knmY4oliG
Travis Scott,MELTDOWN (feat. Drake),67nepsnrcZkowTxMWigSbb,94,0Y5tJX1MQlPlqiwlOH1tJY
Billie Eilish,"What Was I Made For? [From The Motion Picture ""Barbie""]",6wf7Yu7cxBSPrRlWeSeK0Q,98,6qqNVTkY8uBg9cP3Jd7DAH
Luke Combs,Fast Car,1Lo0QY9cvc8sUB2vnIOxDT,91,718COspgdWOnwOFpJHRZHS
Nicki Minaj,Barbie World (with Aqua) [From Barbie The Album],741UUVE2kuITl0c6zuqqbO,95,0hCNtLu0JehylgoiP8L4Gh
Travis Scott,FE!N (feat. Playboi Carti),42VsgItocQwOQC3XWZ8JNA,94,0Y5tJX1MQlPlqiwlOH1tJY
Travis Scott,I KNOW ?,6wsqVwoiVH2kde4k4KKAFU,93,0Y5tJX1MQlPlqiwlOH1tJY
Doja Cat,Paint The Town Red,2IGMVunIBsBLtEQyoI1Mu7,94,5cj0lLjcoR7YOSnhnX0Po5
Dua Lipa,Dance The Night (From Barbie The Album),1vYXt7VSjH9JIM5oRRo7vA,97,6M2wZ9GZgrQXHCFfjv46we
Jung Kook,Seven (feat. Latto) (Explicit Ver.),7x9aauaA9cu6tyfpHnqDLo,100,6HaGTQPmzraVmaVxvz6EUc
Morgan Wallen,Last Night,59uQI0PADDKeE6UZDTJEe8,89,4oUHIQIBe0LHzYfvXNW4QM
Morgan Wallen,Last Night,7K3BhSpAxZBznislvUMVtn,88,4oUHIQIBe0LHzYfvXNW4QM
Travis Scott,TELEKINESIS (feat. SZA & Future),1i9lZvlaDdWDPyXEE95aiq,92,0Y5tJX1MQlPlqiwlOH1tJY
Oliver Anthony Music,Rich Men North of Richmond,78Du4CMFgnhdlG33gblkiP,87,6IkfE2JyVoKwBZXvuytKX3
PinkPantheress,Boy's a Liar Pt. 2,6AQbmUe0Qwf5PZnt4HmTXv,91,78rUTD7y6Cy67W1RVzYs7t
Taylor Swift,I Can See You (Taylor’s Version) (From The Vault),5kHMfzgLZP95O9NBy0ku4v,91,06HL4z0CvFAxyc27GXpf02
Morgan Wallen,Thinkin’ Bout Me,0PAcdVzhPO4gq1Iym9ESnK,86,4oUHIQIBe0LHzYfvXNW4QM
Yng Lvcas,La Bebe - Remix,2UW7JaomAMuX9pZrjVpHAU,96,1NNRWkhwmcXRimFYSBpB1y
Olivia Rodrigo,bad idea right?,2i8f4VnnBjy0yDqH2C452a,91,1McMsnEElThX1knmY4oliG
Bad Bunny,WHERE SHE GOES,7ro0hRteUMfnOioTFI5TG1,96,4q3ewBCX7sLwd24euuV69X
Bailey Zimmerman,Religiously,0bILU0UiNDmA5Ff6whhb2R,86,3win9vGIxFfBRag9S63wwf
Peso Pluma,LADY GAGA,7mXuWTczZNxG5EDcjFEuJR,94,12GqGscKJx3aE4t07u7eVZ
Morgan Wallen,You Proof,5W4kiM2cUYBJXKRudNyxjW,86,4oUHIQIBe0LHzYfvXNW4QM
NewJeans,Super Shy,5sdQOyqq2IDhvmx2lHOpwd,95,6HvZYsbFfjnjFrWF950C9d
Eslabon Armado,Ella Baila Sola,3dnP0JxCgygwQH9Gm7q7nb,93,0XeEobZplHxzM9QzFQWLiR
Drake,Search & Rescue,7aRCf5cLOFN1U7kvtChY1G,87,3TVXtAsR1Inumwj472S9r4
Travis Scott,MY EYES,4kjI1gwQZRKNDkw1nI475M,90,0Y5tJX1MQlPlqiwlOH1tJY
David Kushner,Daylight,1odExI7RdWc4BT515LTAwj,96,33NVpKoXjItPwUJTMZIOiY
Travis Scott,TOPIA TWINS (feat. Rob49 & 21 Savage),0lodMO0qK83vfPiiD7FMEt,89,0Y5tJX1MQlPlqiwlOH1tJY
FIFTY FIFTY,Cupid - Twin Ver.,7FbrGaHYVDmfr7KoLIZnQ7,94,4GJ6xDCF5jaUqD6avOuQT6
Grupo Frontera,un x100to,6pD0ufEQq0xdHSsRbg9LBK,94,6XkjpgcEsYab502Vr1bBeW
Jimin,Like Crazy,3Ua0m0YmEjrMi9XErKcNiR,94,1oSPZhvZMIrWW5I41kPkkY
Noah Kahan,Dial Drunk (with Post Malone),22VHOlVYBqytsrAqV8yXBK,87,2RQXRUsr4IW1f3mKyKsy4B
Laufey,From The Start,1Ukxccao1BlWrPhYkcXbwZ,89,7gW0r5CkdEUMm42w9XpyZO
Myke Towers,LALA,7ABLbnD53cQK00mhcaOUVG,99,7iK8PXO48WeuP03g8YR51W
Fuerza Regida,SABOR FRESA,1UMm1Qs3u59Wvk53zBUE8r,92,0ys2OFYzWYB5hRDLCsBqxt
Junior H,El Azul,1haJsMtoBhHfvuM7XWuT3W,91,7Gi6gjaWy3DxyilpF1a8Is
Fuerza Regida,TQM,368eeEO3Y2uZUQ6S5oIjcu,92,0ys2OFYzWYB5hRDLCsBqxt
Travis Scott,HYAENA,0hL9gOw6XBWsygEUcVjxEc,89,0Y5tJX1MQlPlqiwlOH1tJY
Travis Scott,K-POP,5L3ecxQnQ9qTBmnLQiwf0C,92,0Y5tJX1MQlPlqiwlOH1tJY
Peso Pluma,TULUM,7bPp2NmpmyhLJ7zWazAXMu,93,12GqGscKJx3aE4t07u7eVZ
Travis Scott,THANK GOD,1PH2MDbcBAU094DlgTIND1,89,0Y5tJX1MQlPlqiwlOH1tJY
Lil Durk,All My Life (feat. J. Cole),6HgWWaMu31KdOpEG5l28BG,88,3hcs9uc56yIGFCSy9leWe7
Bizarrap,"Peso Pluma: Bzrp Music Sessions, Vol. 55",5AqiaZwhmC6dIbgWrD5SzV,92,716NhGYqD1jl2wI1Qkgq36
Ice Spice,Deli,5JYPXqMwYc0zTODQdjMEZN,86,3LZZPxNDGDFVSIPqf4JuEf
Lil Uzi Vert,Flooded The Face,4daEMLSZCgZ2Mt7gNm2SRa,85,4O15NlyKLIASxsJ0PrXPfz
Travis Scott,MODERN JAM (feat. Teezo Touchdown),3KCNiDi9Pza6ZD8FggNoaw,88,0Y5tJX1MQlPlqiwlOH1tJY
Taylor Swift,Enchanted (Taylor's Version),3sW3oSbzsfecv9XoUdGs7h,89,06HL4z0CvFAxyc27GXpf02
The Weeknd,Popular (with Playboi Carti & Madonna) - Music from the HBO Original Series,6WzRpISELf3YglGAh7TXcG,93,1Xyo4u8uXC1ZmMpatF05PJ
Lil Durk,Stand By Me (feat. Morgan Wallen),1fXnu2HzxbDtoyvFPWG3Bw,83,3hcs9uc56yIGFCSy9leWe7
Zach Bryan,Dawns (feat. Maggie Rogers),42TtHTxWk782ZBiqyOi2d1,84,40ZNYROS4zLfyyBSs2PGe2
Peso Pluma,LAGUNAS,3HOKxuTDmNVmIlCIpBiD8m,89,12GqGscKJx3aE4t07u7eVZ
Quevedo,Columbia,6XbtvPmIpyCbjuT0e8cQtp,97,52iwsT98xCoGgiGntTiR7K
Charli XCX,Speed Drive (From Barbie The Album),5VxmI3IdgAxWVvUnJoLuY2,89,25uiPmTg16RbhZWAqwLBy5
Miley Cyrus,Flowers,4DHcnVTT87F0zZhRPYmZ3B,94,5YGY8feqx7naU7z4HrwZM6
Travis Scott,SIRENS,7LSpFCvRZZot2AlmkUzy9k,87,0Y5tJX1MQlPlqiwlOH1tJY
Bailey Zimmerman,Rock and A Hard Place,1TE8AAk9koG0UJco6ZAUfx,83,3win9vGIxFfBRag9S63wwf
Travis Scott,TIL FURTHER NOTICE (feat. James Blake & 21 Savage),76gcXhY3Zv6wW0BTe9nHJo,87,0Y5tJX1MQlPlqiwlOH1tJY
Tyler Childers,In Your Love,1olWQ1LOUYs4VBwx5N8Lz9,82,13ZEDW6vyBF12HYcZRr4EV
Jelly Roll,Need A Favor,5twSy6ffBrF03mnNUsUgJZ,82,19k8AgwwTSxeaxkOuCQEJs
Jimin,Like Crazy,58BWnoFDNaeM0vwA0K3fqb,91,1oSPZhvZMIrWW5I41kPkkY
Travis Scott,SKITZO (feat. Young Thug),0bkV1iQHSxBaksUqgEkcbc,86,0Y5tJX1MQlPlqiwlOH1tJY
Morgan Wallen,Ain’t That Some,2YVlDlk2zRceefo6XlC6DX,83,4oUHIQIBe0LHzYfvXNW4QM
Morgan Wallen,Cowgirls (feat. ERNEST),7fveJ3pk1eSfxBdVkzdXZ0,82,4oUHIQIBe0LHzYfvXNW4QM
El Alfa,PLEBADA,7uSLF2yhpjLlYBLtyPX3Lb,86,2oQX8QiMXOyuqbcZEFsZfm
Troye Sivan,Rush,3xIMkM5LgbVDkpO74O3Np3,90,3WGpXCj9YhhfX11TToZcXP
Dave,Sprinter,2FDTHlrBguDzQkp7PVj16Q,96,6Ip8FS7vWT1uKkJSweANQK
d4vd,Here With Me,5LrN7yUQAzvthd4QujgPFr,91,5y8tKLUfMvliMe8IKamR32
Post Malone,Chemical,5w40ZYhbBMAlHYNDaVJIUu,89,246dkjvS1zLTtiykXe5h60
Travis Scott,GOD'S COUNTRY,04WxWo7XeVyx22xEsrWRUb,87,0Y5tJX1MQlPlqiwlOH1tJY
Tainy,MOJABI GHOST,4eMKD8MRroxCqugpsxCCNb,92,0GM7qgcRCORpGnfcN2tCiB
Kaliii,Area Codes,7sliFe6W30tPBPh6dvZsIH,85,1YRqgFNXqRyMDRr8ClS1NL
Peso Pluma,LUNA,3RA55zrRkyPK8Fd86hrMy8,88,12GqGscKJx3aE4t07u7eVZ
Chino Pacas,El Gordo Trae El Mando,3kf0WdFOalKWBkCCLJo4mA,88,2rmkQLzj0k4nZdQehOUByO
Eslabon Armado,Ella Baila Sola,3qQbCzHBycnDpGskqOWY0E,89,0XeEobZplHxzM9QzFQWLiR
Megan Moroney,Tennessee Orange,6DLbBlGIOjjEj0dNN25zhZ,82,5Ppie0uPnbnvGBYRwYmlt0
Noah Kahan,Dial Drunk,0caJ2wkqp4UmXBwdR2JvB5,83,2RQXRUsr4IW1f3mKyKsy4B
Taylor Swift,Back To December (Taylor's Version),79uDOz0zuuWS7HWxzMmTa2,88,06HL4z0CvFAxyc27GXpf02
Feid,Classy 101,6XSqqQIy7Lm7SnwxS4NrGx,95,2LRoIwlKmHjgvigdNGBHNo
Doechii,What It Is (Solo Version),73RbfOTJIjHzi2pcVHjeHM,90,4E2rKHVDssGJm2SCDOMMJB
Taylor Swift,Mine (Taylor's Version),7G0gBu6nLdhFDPRLc0HdDG,87,06HL4z0CvFAxyc27GXpf02
Young Thug,Oh U Went (feat. Drake),7qLr3HMApUbyDkUvgIvHnB,83,50co4Is1HCEo8bhOyUWKpn
Travis Scott,DELRESTO (ECHOES) (feat. Beyoncé),0OEe83mMZ5kaNw5uZQ7ilG,86,0Y5tJX1MQlPlqiwlOH1tJY
Jason Aldean,Try That In A Small Town,4ROknQyR1wOGPfmpTtB3z4,81,3FfvYsEGaIb52QPXhg4DcH
Travis Scott,CIRCUS MAXIMUS (feat. The Weeknd & Swae Lee),4GL9GMX9t7Qkprvf1YighZ,86,0Y5tJX1MQlPlqiwlOH1tJY
KAROL G,TQG,0DWdj2oZMBFSzRsi2Cvfzf,92,790FomKkXshlbRYZFtlgla
NewJeans,ETA,56v8WEnGzLByGsDAXDiv4d,89,6HvZYsbFfjnjFrWF950C9d
Yahritza Y Su Esencia,Frágil,4JdSXF2p71cr8uCY3UiJM0,91,51ZSh80McCt7vbqHouzW0A
NLE Choppa,It's Getting Hot,4lMyi03aRk8nPBLLGyqAVz,83,0ErzCpIMyLcjPiwT4elrtZ
Morgan Wallen,Thought You Should Know,3Qu3Zh4WTKhP9GEXo0aDnb,81,4oUHIQIBe0LHzYfvXNW4QM
Jung Kook,Seven (feat. Latto) (Clean Ver.),5Avril3IZ26DPVFHbJX8o6,94,6HaGTQPmzraVmaVxvz6EUc
Lana Del Rey,Say Yes To Heaven,6GGtHZgBycCgGBUhZo81xe,90,00FQb4jTyendYWaN8pK0wa
Lil Uzi Vert,Watch This - ARIZONATEARS Pluggnb Remix,0FA4wrjDJvJTTU8AepZTup,86,4O15NlyKLIASxsJ0PrXPfz
Odetari,GOOD LOYAL THOTS,06tNJ27nVxbDwhiQMChWyr,86,7ITMCzIU9uII8gwRg8JAhc
Metro Boomin,"Calling (Spider-Man: Across the Spider-Verse) (Metro Boomin & Swae Lee, NAV, feat. A Boogie Wit da Hoodie)",5rurggqwwudn9clMdcchxT,87,0iEtIxbK0KxaSlF7G42ZOp
KAROL G,AMARGURA,505v13epFXodT9fVAJ6h8k,91,790FomKkXshlbRYZFtlgla
Peso Pluma,RUBICON,0xGZjxYqcNQ8WqxyeZ4eSN,87,12GqGscKJx3aE4t07u7eVZ
HARDY,TRUCK BED,103u49mLoJUge83B1CnLxI,80,5QNm7E7RU2m64l6Gliu8Oy
That Mexican OT,Johnny Dang (with Paul Wall & DRODi),1kwPxt35W7cG3rryxR48PO,81,3BAgmPNIK5IJl7zMK1wvMA
NewJeans,Cool With You,02wk5BttM0QL38ERjLPQJB,89,6HvZYsbFfjnjFrWF950C9d
Morgan Wallen,One Thing At A Time,1rXq0uoV4KTgRN64jXzIxo,81,4oUHIQIBe0LHzYfvXNW4QM
Travis Scott,LOOOVE (feat. Kid Cudi),0a4SMs889NwP8oWI7Vemle,85,0Y5tJX1MQlPlqiwlOH1tJY
Kali Uchis,Moonlight,0JmnkIqdlnUzPaf8sqBRs3,86,1U1el3k54VvEUzo3ybLPlM
Old Dominion,Memory Lane,5kB6WithhB8Iv08EMNmAbt,81,6y8XlgIV8BLlIg1tT1R10i
Bailey Zimmerman,Fall In Love,0rCFRyEy4WXjRXNpO80Dzs,81,3win9vGIxFfBRag9S63wwf
Odetari,LOOK DON’T TOUCH (w/ cade clair),7E9kejvFw8NDfuu4y3hqkp,86,7ITMCzIU9uII8gwRg8JAhc
Oscar Maydon,Fin de Semana,6TBzRwnX2oYd8aOrOuyK1p,88,3l9G1G9MxH6DaRhwLklaf5
Ice Spice,Princess Diana (with Nicki Minaj),0ZxhtATQ0a6EvQNZ0z6NKV,84,3LZZPxNDGDFVSIPqf4JuEf
Odetari,GMFU (w/ 6arelyhuman),4D1k6x4MXTaSnljSvAXhaf,86,7ITMCzIU9uII8gwRg8JAhc
Taylor Swift,Better Than Revenge (Taylor's Version),0NwGC0v03ysCYINtg6ns58,86,06HL4z0CvFAxyc27GXpf02
Travis Scott,LOST FOREVER (feat. Westside Gunn),7EiUtdeoWcKqLi5ELZCjYf,84,0Y5tJX1MQlPlqiwlOH1tJY
Kali Uchis,Moonlight,2i2gDpKKWjvnRTOZRhaPh2,89,1U1el3k54VvEUzo3ybLPlM
Metro Boomin,"Annihilate (Spider-Man: Across the Spider-Verse) (Metro Boomin & Swae Lee, Lil Wayne, Offset)",39MK3d3fonIP8Mz9oHCTBB,86,0iEtIxbK0KxaSlF7G42ZOp
Lil Tecca,500lbs,1xWkeSPhf3bZqHY7Ncz8vp,81,4Ga1P7PMIsmqEZqhYZQgDo
Eden Muñoz,Abcdario,0qCPD6ilr9nXkI4KVZgcns,87,1gJdf4Yybu4X5A2xYV3NMV
Taylor Swift,Sparks Fly (Taylor’s Version),3MytWN8L7shNYzGl4tAKRp,85,06HL4z0CvFAxyc27GXpf02
Tyler Hubbard,Dancin’ In The Country,2KtGiBi5CrX2ERPD2PAS34,80,3BEV5FcxOtkQJ7lLRKMh3V
Metro Boomin,"Am I Dreaming (Metro Boomin & A$AP Rocky, Roisee)",6Ec5LeRzkisa5KJtwLfOoW,87,0iEtIxbK0KxaSlF7G42ZOp
Post Malone,Enough Is Enough,3BHFResGQiUvbYToUdaDQz,85,246dkjvS1zLTtiykXe5h60
Chris Stapleton,White Horse,7MSWxMumjz6lHj7oRApNbg,81,4YLtscXsxbVgi031ovDDdh
Becky G,Chanel,5RcxRGvmYai7kpFSfxe5GY,86,4obzFoKoKRHIphyHzJ35G3
Metro Boomin,Self Love (Spider-Man: Across the Spider-Verse) (Metro Boomin & Coi Leray),0AAMnNeIc6CdnfNU85GwCH,84,0iEtIxbK0KxaSlF7G42ZOp
ROSALÍA,BESO,609E1JCInJncactoMmkDon,93,7ltDVBr6mKbRvohxheJ9h1
NewJeans,Get Up,1wUnuiXMMvhudmzvcCtlZP,86,6HvZYsbFfjnjFrWF950C9d
Peso Pluma,VVS,3B0swL7Qil9bB7eKzBREBK,85,12GqGscKJx3aE4t07u7eVZ
Taylor Swift,Long Live (Taylor's Version),4hqJ4bSlYJOXb6Z4SRmzxs,84,06HL4z0CvFAxyc27GXpf02
Peso Pluma,PRC,2mpoNBkngUEwnaKoBhZ0vl,86,12GqGscKJx3aE4t07u7eVZ
Taylor Swift,Dear John (Taylor's Version),1zU8j1x3yi9xalMF96pzKp,84,06HL4z0CvFAxyc27GXpf02
Peso Pluma,Bye,6n2P81rPk2RTzwnNNgFOdb,85,12GqGscKJx3aE4t07u7eVZ
Taylor Swift,Hits Different,3xYJScVfxByb61dYHTwiby,84,06HL4z0CvFAxyc27GXpf02
Peggy Gou,(It Goes Like) Nanana - Edit,23RoR84KodL5HWvUTneQ1w,94,2mLA48B366zkELXYx7hcDN
KAROL G,QLONA,3XB5uhhlYSnkxpSihkNQwh,87,790FomKkXshlbRYZFtlgla
Morgan Wallen,’98 Braves,3oZ6dlSfCE9gZ55MGPJctc,79,4oUHIQIBe0LHzYfvXNW4QM
Young Nudy,Peaches & Eggplants (feat. 21 Savage),1KUZ33cOqk3X4Ezk0aZnVp,80,5yPzzu25VzEk8qrGTLIrE1
Noah Kahan,You’re Gonna Go Far,4nHJcUtNSUVjXRnjdP29Bk,80,2RQXRUsr4IW1f3mKyKsy4B
Odetari,I LOVE YOU HOE (w/ 9lives),0NaUT74rJ0NHS62fewzatU,84,7ITMCzIU9uII8gwRg8JAhc
Bryan Martin,We Ride,72kGuWpRiuA149Bn5lDkIO,80,0ChjBYedhZTQnWZWQYg15U
Ivan Cornejo,Aquí Te Espero,33vrRiIiut4rOFmkgorJD6,81,6PH3FLQAxtqYy46Zv08bpV
NewJeans,New Jeans,6rdkCkjk6D12xRpdMXy0I2,87,6HvZYsbFfjnjFrWF950C9d
Offset,JEALOUSY (feat. Cardi B),73S4fsK22WH929PLFNYgOj,81,4DdkRBBYG6Yk9Ka8tdJ9BW
Tory Lanez,Hurts Me,0RBw4ODUQPO4cuAOZtBGga,84,2jku7tDXc6XoB6MO2hFuqg
Taylor Swift,Electric Touch (feat. Fall Out Boy) (Taylor’s Version) (From The Vault),4e3ZNTAV6PCrdYMUrUlMpQ,83,06HL4z0CvFAxyc27GXpf02
Travis Scott,PARASAIL (feat. Yung Lean & Dave Chappelle),2Q0aElTZQtEUsoiaQfizu6,83,0Y5tJX1MQlPlqiwlOH1tJY
Odetari,NARCISSISTIC PERSONALITY DISORDER,6lDJ0CkQ6LdQv5EUQ39rpg,84,7ITMCzIU9uII8gwRg8JAhc
Taylor Swift,Foolish One (Taylor’s Version) (From The Vault),4s8BIKx4Zh6ryAEz8RTlaU,83,06HL4z0CvFAxyc27GXpf02
NewJeans,OMG,65FftemJ1DbbZ45DUfHJXE,89,6HvZYsbFfjnjFrWF950C9d
Taylor Swift,Castles Crumbling (feat. Hayley Williams) (Taylor’s Version) (From The Vault),4ABYxlb92WBIjHu7TIKmml,83,06HL4z0CvFAxyc27GXpf02
KAROL G,MI EX TENÍA RAZÓN,7mLPSkAJraASgNk6ywyTkp,87,790FomKkXshlbRYZFtlgla
Drake,On The Radar Freestyle,1L0OmJV0LnPDWuHCIGmBV6,84,3TVXtAsR1Inumwj472S9r4
Quavo,Turn Yo Clic Up (feat. Future),7LTCmtMpf3JPfBE8gAl64z,81,0VRj0yCOv2FXJNP47XQnx5
Eslabon Armado,Así Lo Quiso Dios,6X5WZbJzXtk6aO03HlxuZ9,85,0XeEobZplHxzM9QzFQWLiR
Taylor Swift,Mean (Taylor's Version),30Y4CV7A6YqtQtTTo7Ue4j,84,06HL4z0CvFAxyc27GXpf02
Taylor Swift,When Emma Falls in Love (Taylor’s Version) (From The Vault),0zo975x58DlXbZllWvfYhg,83,06HL4z0CvFAxyc27GXpf02
Doja Cat,Attention,11xC6P3iKYpFThT6Ce1KdG,83,5cj0lLjcoR7YOSnhnX0Po5
Toosii,Favorite Song,1SRw5p2lVAi7RGlHEmZg66,80,6BH1xcDkwbbyrLMUKECsW1
Lyrical Lemonade,Doomsday (with Juice WRLD & Cordae),3bkpVSoNvBkvt9LJMFT5at,81,3VrGfWE8YdYMK4ySpnE0ly
Lil Mabu,MATHEMATICAL DISRESPECT,0Ymjv0OJeIIPXr6s9wi3iW,82,6FAo7ORAHEzSSf5q10LLfN
Taylor Swift,Speak Now (Taylor's Version),5xXqyjLicvEpch72qEryFT,84,06HL4z0CvFAxyc27GXpf02
Travis Scott,K-POP (feat. Bad Bunny & The Weeknd),4o82J5zr4DFEs9yj5szCVX,83,0Y5tJX1MQlPlqiwlOH1tJY
Warren Zeiders,Pretty Little Poison,2gT2iF1YK5r54A2PDEXVv8,78,7kplJl06UmldxLKseURAYi
Eladio Carrion,Coco Chanel,0PB0O24JqAuNdOAFVJljMS,90,5XJDexmWFLWOkjOEjOVX3e
Lil Uzi Vert,Endless Fashion (feat. Nicki Minaj),41bmnQZoDMQdDh5zyomtW7,81,4O15NlyKLIASxsJ0PrXPfz
Taylor Swift,Timeless (Taylor’s Version) (From The Vault),1HCdems7PQZRj42QDWLA0A,82,06HL4z0CvFAxyc27GXpf02
Jimin,Like Crazy (English Version),0u8rZGtXJrLtiSe34FPjGG,86,1oSPZhvZMIrWW5I41kPkkY
KAROL G,S91,7EpOXgSRgnglRWr86pZfGU,88,790FomKkXshlbRYZFtlgla
Ryan Gosling,I’m Just Ken,3zXIvb4nZ3cTdT8CsbTy3U,85,6kXm2YCtdUOpRYNKeKhfue
Taylor Swift,The Story Of Us (Taylor's Version),6dTA6y0C2ReQklntzZl8l3,83,06HL4z0CvFAxyc27GXpf02
NewJeans,ASAP,5fpyAakgFOm4YTXkgfPzvV,86,6HvZYsbFfjnjFrWF950C9d
V,Love Me Again,2N0SPREDYqILVEFSsWF5N5,94,3JsHnjpbhX4SnySpvpa9DK
Jordan Davis,What My World Spins Around,6vjZxvzdAeHp7jv3R398Xm,78,77kULmXAQ6vWer7IIHdGzI
Post Malone,Something Real,444vevlQjTnKioLLncteGv,81,246dkjvS1zLTtiykXe5h60
Latto,Put It On Da Floor Again (feat. Cardi B),6c6WmIHcHlhccEwSFBhzNa,79,3MdXrJWsbVzdn6fe5JYkSQ
Nicky Youre,Sunroof,5YqEzk3C5c3UZ1D5fJUlXA,86,7qmpXeNz2ojlMl2EEfkeLs
The Weeknd,Die For You - Remix,7oDd86yk8itslrA9HRP2ki,88,1Xyo4u8uXC1ZmMpatF05PJ
Anuel AA,Baby,5iDNf2uMgRzmQpcmGAzOUk,83,2R21vXR83lH98kGeO99Y66
Peso Pluma,NUEVA VIDA,4Nf5EZ40JenjMUKXOiyRU5,84,12GqGscKJx3aE4t07u7eVZ
Nate Smith,World on Fire,5ya0TmUQw2wHMkq36rPsnd,78,4NYMUsIcUUsBHbV9DICa5x
Chino Pacas,Dijeron Que No La Iba Lograr,7dR09k1an5JEq7ch0Y5hvV,83,2rmkQLzj0k4nZdQehOUByO
RAYE,Escapism.,5mHdCZtVyb4DcJw8799hZp,87,5KKpBU5eC2tJDzf0wmlRp2
Don Toliver,Private Landing (feat. Justin Bieber & Future),52NGJPcLUzQq5w7uv4e5gf,81,4Gso3d4CscCijv0lmajZWs
Ryan Castro,QUEMA,2hn2zOA2XFlv6DSmesylrL,88,7j6DKwmjbxvpQO8h914uEz
David Guetta,Baby Don't Hurt Me,3BKD1PwArikchz2Zrlp1qi,92,1Cs0zKBU1kc0i8ypK3B9ai
Lil Uzi Vert,Aye (feat. Travis Scott),2Hc1LaV6bzFil3dE71eORA,81,4O15NlyKLIASxsJ0PrXPfz
Jordan Davis,Next Thing You Know,39OclE5hZematADrdfaWvE,78,77kULmXAQ6vWer7IIHdGzI
Lana Del Rey,Let The Light In (feat. Father John Misty),4qG7hWhljsqqENL5PaLA2z,82,00FQb4jTyendYWaN8pK0wa
Diplo,Heartbroken (feat. Jessie Murph & Polo G),6NdnvPwQvZb147DVa4x14h,80,5fMUXHkw8R8eOP2RNVYEZX
Sam Barber,Straight and Narrow,40vKwNlXXKUmQMGceAoEpy,80,08GfvCW09pv2QP4y9sle2a
Junior H,El Tsurito,1piak4R3yW4otWWyaSqyCH,85,7Gi6gjaWy3DxyilpF1a8Is
Grupo Frontera,EL AMOR DE SU VIDA,435g6uM0Atz3MyYwafHEss,87,6XkjpgcEsYab502Vr1bBeW
Taylor Swift,Haunted (Taylor's Version),4tMzIAFTFdqGBQLdfbPces,82,06HL4z0CvFAxyc27GXpf02
Sam Hunt,Outskirts,2E0bqoMlIb2xmFyZHRjtzK,77,2kucQ9jQwuD8jWdtR9Ef38
Morgan Wallen,Man Made A Bar (feat. Eric Church),73zawW1ttszLRgT9By826D,77,4oUHIQIBe0LHzYfvXNW4QM
Dominic Fike,Mona Lisa (Spider-Man: Across the Spider-Verse),37CoOXIsgF3NzbK1zHZetk,83,6USv9qhCn6zfxlBQIYJ9qs
Post Malone,Overdrive,3t0ic4mkhvhamrKDkulB8v,83,246dkjvS1zLTtiykXe5h60
Morgan Wallen,Sunrise,0JtgoDDf0ggWaoXCGhcOoT,77,4oUHIQIBe0LHzYfvXNW4QM
Morgan Wallen,Everything I Love,03fs6oV5JAlbytRYf3371S,77,4oUHIQIBe0LHzYfvXNW4QM
Marshmello,El Merengue,51FvjPEGKq2zByeeEQ43V9,91,64KEffDW9EtZ1y2vBYgq8T
Taylor Swift,Snow On The Beach (feat. More Lana Del Rey),4zmKGsrXjLmljb5fTaBTot,84,06HL4z0CvFAxyc27GXpf02
Peso Pluma,BYE,6f8wbdo8KU5ETWJA7lapgS,82,12GqGscKJx3aE4t07u7eVZ
Young Nudy,Peaches & Eggplants (feat. 21 Savage),2KcQ0PbPj0O3P48B9YX7iN,77,5yPzzu25VzEk8qrGTLIrE1
Sky Rompiendo,El Cielo,4PA1wK0leCjmRZlP5dQ8Lv,91,51XrH5fQP2oIQynuKxSWcW
HARDY,red (feat. Morgan Wallen),2D3JfPyY2LkzXgNOb7qziR,77,5QNm7E7RU2m64l6Gliu8Oy
Lijay,I love freaks,2OwdUZPORY0EAdRBF9hSZD,80,3Ph8hNhDsxyruCsu6QyNfJ
Taylor Swift,Last Kiss (Taylor's Version),59KOoHFcw5XfICnO57holu,81,06HL4z0CvFAxyc27GXpf02
Moneybagg Yo,Ocean Spray,6dNOefmb6Lgl5vNtJsSajt,78,3tJoFztHeIJkJWMrx0td2f
Dylan Scott,This Town's Been Too Good To Us,6vsa5VDsIaWC8oJnowU65l,76,78YqeIji3mgAS2K1Maca6x
Gunna,back to the moon,3OGCNLxpBmTYRxPZg2yDE5,79,2hlmm7s2ICUX0LVIhVFlZQ
KAROL G,PROVENZA,3HqcNJdZ2seoGxhn0wVNDK,85,790FomKkXshlbRYZFtlgla
(G)I-DLE,Queencard,4uOBL4DDWWVx4RhYKlPbPC,88,2AfmfGFbe0A0WsTYm0SDTx
Morgan Wallen,Dying Man,4kvjThnfQIsPOKjxx0aZDu,77,4oUHIQIBe0LHzYfvXNW4QM
V,Rainy Days,5ydjxBSUIDn26MFzU3asP4,92,3JsHnjpbhX4SnySpvpa9DK
Billie Eilish,hotline (edit),0WFryfbNKPXVtVQlz5dZ8H,86,6qqNVTkY8uBg9cP3Jd7DAH
Yeat,Already Rich,61eJ7HqXGyHfmHIqJApX7v,80,3qiHUAX7zY4Qnjx8TNUzVx
Lil Durk,All My Life (feat. J. Cole),6T7FXSuXykeGktMLGp8WgE,80,3hcs9uc56yIGFCSy9leWe7
$uicideboy$,Not Even Ghosts Are This Empty,7rzNKooM3JrKVT40fR22HI,78,1VPmR4DJC1PlOtd0IADAO0
Post Malone,Mourning,0gWrMbx6pbdH3n3nsLjE55,81,246dkjvS1zLTtiykXe5h60
Conjunto Rienda Real,Sobran Motivos,1uTHr7ij3eiDdUXvQfA5au,80,5N3AyFVEE8vJa7AZEl7nD3
ENHYPEN,Bite Me,7mpdNiaQvygj2rHoxkzMfa,87,5t5FqBwTcgKTaWmfEbwQY9
KAROL G,MIENTRAS ME CURO DEL CORA,6otePxalBK8AVa20xhZYVQ,87,790FomKkXshlbRYZFtlgla
Ice Spice,In Ha Mood,0yUaLqhsVsguBpoOPL4cO7,80,3LZZPxNDGDFVSIPqf4JuEf
Morgan Wallen,I Wrote The Book,7phmBo7bB9I9YifAXqnlqV,76,4oUHIQIBe0LHzYfvXNW4QM
Carin Leon,Primera Cita,4mGrWfDISjNjgeQnH1B8IE,89,66ihevNkSYNzRAl44dx6jJ
Lizzo,Pink,2YXGbxICUdOUJe9OPlicy1,82,56oDRnqbIiwx4mymNEv7dS
Sexyy Red,SkeeYee,7icwQvajsokotDfM3tefW6,77,3DbwFQlvLxRSi2uX8mf81A
Stray Kids,S-Class,3gTQwwDNJ42CCLo3Sf4JDd,86,2dIgFjalVxs4ThymZ67YCE
NF,HAPPY,3ZEno9fORwMA1HPecdLi0R,80,6fOMl44jA4Sp5b9PpYCkzz
Toosii,Pull Up (feat. 21 Savage),4EzkcqltSOxYE2lstuLOFs,78,6BH1xcDkwbbyrLMUKECsW1
Beyoncé,AMERICA HAS A PROBLEM (feat. Kendrick Lamar),6l8mgVN9Xf1hiDIFGA6CTE,80,6vWDO969PvNqNYHIOW5v0m
Bizarrap,"Shakira: Bzrp Music Sessions, Vol. 53",4nrPB8O7Y7wsOCJdgXkthe,89,716NhGYqD1jl2wI1Qkgq36
juju<3,Wasted Summers,43MifzVnh8W3jJN0xqU9jR,79,496w0Fyed8J7IRzn5Ffb6x
Marshmello,Fell In Love,1N8klHEbZ0bFOHnMVs8C9S,79,64KEffDW9EtZ1y2vBYgq8T
Flyana Boss,You Wish,0aoLgGE9S9qMjIGtTgpnNd,78,0CLW5934vy2XusynS1px1S
DJ Khaled,"SUPPOSED TO BE LOVED (feat. Lil Baby, Future & Lil Uzi Vert)",2buC0ru4cVutdUhxIjH9Bj,78,0QHgL1lAIqAw0HtD7YldmP
KAROL G,WATATI (feat. Aldo Ranks) [From Barbie The Album],6MZi5j60L80SZLBxN0bv8s,84,790FomKkXshlbRYZFtlgla
Riley Green,Different 'Round Here,4l5w5qGInIhwfvpYmPIYdK,76,2QMsj4XJ7ne2hojxt6v5eb
Peso Pluma,CARNAL,2bXJMQZSJND3UYq5mjV4cB,83,12GqGscKJx3aE4t07u7eVZ
Post Malone,Chemical,7jvtmQ3onpWeUm7dyFSSSc,79,246dkjvS1zLTtiykXe5h60
DaBaby,SHAKE SUMN,3FhZPYvMGSjFc6boVYKlCv,77,4r63FhuTkUYltbVAg5TQnk
Peso Pluma,GAVILÁN II,775hCSePn3GW4h9nZ636kq,82,12GqGscKJx3aE4t07u7eVZ
Nicki Minaj,Red Ruby Da Sleeze,4ZYAU4A2YBtlNdqOUtc7T2,78,0hCNtLu0JehylgoiP8L4Gh
Yeat,bigger thën everything,11B7WTuoInwUvuP1BnnGWW,78,3qiHUAX7zY4Qnjx8TNUzVx
Kali Uchis,Muñekita (with El Alfa & JT),4PzxlHzDM3bDafkHjg1XCX,82,1U1el3k54VvEUzo3ybLPlM
beabadoobee,the way things go,5sA3i6SGkILMiZW6Fhx4wv,79,35l9BRT7MXmM8bv2WDQiyB
"Tyler, The Creator",DOGTOOTH,6OfOzTitafSnsaunQLuNFw,77,4V8LLVI7PbaPR0K2TGSxFF
Josh Ross,Trouble,7cRggVoZ18mmvIN2EcSQ3J,76,1ZGTSMjK1D2HrpPTOh916U
Kanii,I Know - PR1SVX Edit,3vcLw8QA3yCOkrj9oLSZNs,81,1S82w4yw9TYIHZ889mPPaW
Chris Young,Looking for You,67IfTiMwPNN0wQE7Scfzu9,75,4BYxqVkZyFjtik7crYLg5Q
Rod Wave,Fight The Feeling,7l6nGz4gp6HGs5Cvmdeqe4,75,45TgXXqMDdF8BkjA83OM7z
Dua Lipa,Dance The Night,11C4y2Yz1XbHmaQwO06s9f,84,6M2wZ9GZgrQXHCFfjv46we
Post Malone,Too Cool To Die,3FtQes77xlbS9QTVts7p2u,79,246dkjvS1zLTtiykXe5h60
S3BZS,MONTAGEM - PR FUNK,6njJR3OIp3oA0Kc4aC9Tzf,90,6zFMFB1JvNHkHvCSudF4id
$uicideboy$,"A Little Trauma Can Be Illuminating, And I'm Shining Like The Sun",4sX6GorfHFAy9UdJM00c3v,77,1VPmR4DJC1PlOtd0IADAO0
TOMORROW X TOGETHER,Do It Like That,7kaFsQygyiCqRboWCXztxZ,84,0ghlgldX5Dd6720Q3qFyQB
Post Malone,Mourning,3pI3nzi2Y0Iyj1nATDOeQV,79,246dkjvS1zLTtiykXe5h60
Miley Cyrus,Jaded,3AAY8YicetRPlDAkibHLiS,82,5YGY8feqx7naU7z4HrwZM6
Post Malone,Overdrive,3uMO7jmdXxwSijvxNXDgE4,80,246dkjvS1zLTtiykXe5h60
Clara La San,In This Darkness,6qrcJkIpuWpxH0ruS8WVAy,79,3u65Tx20y4WqxO7W7khEhj
Taylor Swift,Never Grow Up (Taylor's Version),2EFZ9emtKWEglWUQGEQ3P9,80,06HL4z0CvFAxyc27GXpf02
BTS,Take Two,5IAESfJjmOYu7cHyX557kz,89,3Nrfpe0tUJi4K4DXYWgMUX
KAROL G,UNA NOCHE EN MEDELLÍN - REMIX,6ejks4eS7DOoYW8hrpRcDV,83,790FomKkXshlbRYZFtlgla
Lil Baby,Go Hard,1IzJxbARcQrOWMZgPw1PNj,77,5f7VJjfbwm532GiveGC0ZK
Jelly Roll,Save Me (with Lainey Wilson),4Bee3PcNdfeqO1B80dDgFn,75,19k8AgwwTSxeaxkOuCQEJs
Corey Kent,Wild as Her,3kXH9BQq0TyNliiP1MIE6N,75,3sUpZrkehiGBaMzs2h9Mmc
Odetari,YOU'RE TOO SLOW,5EloqweGioDEbqiGXTYWgE,80,7ITMCzIU9uII8gwRg8JAhc
Thomas Rhett,Angels (Don’t Always Have Wings),5vZoQQ1hH5L2s4Y8G86ksg,75,6x2LnllRG5uGarZMsD4iO8
Peso Pluma,Las Morras,7Lkxvfl2rkNYWS4kBDCQtN,82,12GqGscKJx3aE4t07u7eVZ
Bad Gyal,Chulo pt.2,0J9g1MMJDhyvOb3NWckHMm,90,4F4pp8NUW08JuXwnoxglpN
Taylor Swift,Ours (Taylor’s Version),3yNJkriPzWjkkDAWHIAVUq,79,06HL4z0CvFAxyc27GXpf02
KAROL G,X SI VOLVEMOS,4NoOME4Dhf4xgxbHDT7VGe,84,790FomKkXshlbRYZFtlgla
Polo G,Barely Holdin' On,7kSBvPr9it26XjylB5LJkx,78,6AgTAQt8XS6jRWi4sX7w49
Rauw Alejandro,PICARDÍA,05OnZaYopHpb0z7ktT2FIF,85,1mcTU81TzQhprhouKaTkpq
Charli XCX,Speed Drive,7GRv55NwkjxU2ysJLwzC9c,81,25uiPmTg16RbhZWAqwLBy5
NewJeans,Super Shy,0kwrPQkiGVE8KTHalH1uMo,82,6HvZYsbFfjnjFrWF950C9d
Dalton Dover,Giving Up On That,2Iu5OBDudGv5B0qfKKKbGm,74,5xF3SekjB3b2VO0FKN3K0A
Post Malone,Novacandy,6V1TqJxtw3P0ouCKICvl9l,78,246dkjvS1zLTtiykXe5h60
beabadoobee,Glue Song,3iBgrkexCzVuPy4O9vx7Mf,80,35l9BRT7MXmM8bv2WDQiyB
Yeat,My wrist (with Young Thug),2beD5W9IkefQ04IO39XF7w,77,3qiHUAX7zY4Qnjx8TNUzVx
Rod Wave,Call Your Friends,1c926G7no7KCvt717X6rgZ,75,45TgXXqMDdF8BkjA83OM7z
boygenius,Not Strong Enough,09DR0sHnQUhHOiSNttc1mv,78,1hLiboQ98IQWhpKeP9vRFw
Mae Stephens,If We Ever Broke Up,6maTPqynTmrkWIralgGaoP,86,311uEW9rt5g2NmzjGEKS2E
Sexyy Red,Pound Town 2 (feat. Nicki Minaj & Tay Keith),6IEXjer2qbXhRLFv99NQQv,75,3DbwFQlvLxRSi2uX8mf81A
Kanii,Go (Xtayalive 2),1slDsIJxew9AOOA3v0xFzn,80,1S82w4yw9TYIHZ889mPPaW
Laufey,Promise,4LHq10VKu3fSIg8EeVRi09,78,7gW0r5CkdEUMm42w9XpyZO
NewJeans,New Jeans,7woEDtme8YkFiWeyiinIjy,82,6HvZYsbFfjnjFrWF950C9d
Luke Bryan,But I Got A Beer In My Hand,3jhV8I9sIPXsjPs2ZOnSaf,75,0BvkDsjIUla7X0k6CSWh1I
Peso Pluma,PRC,0cNSq9T5l8gZnpY14rsTR2,80,12GqGscKJx3aE4t07u7eVZ
Moneybagg Yo,Keep It Low (feat. Future),293QwzG48nRXlqk5lGDUbw,76,3tJoFztHeIJkJWMrx0td2f
A$AP Rocky,RIOT (Rowdy Pipe'n),0B1xarnfKvUFWUoFdQnooq,79,13ubrt8QOOCPljQ2FL1Kca
Carrie Underwood,Out Of That Truck,1xdsRkWxWWUkKhh9hRtfYp,74,4xFUf1FHVy696Q1JQZMTRj
Lil Durk,War Bout It (feat. 21 Savage),4muwDurKeVOB1WBjTVRWlD,76,3hcs9uc56yIGFCSy9leWe7
Beach Weather,"Sex, Drugs, Etc.",7MlDNspYwfqnHxORufupwq,82,7I3bkknknQkIiatWiupQgD
Ovy On The Drums,EL HECHIZO,1mF6RkY7x1KsDBZS6cV5f1,80,3m5qlPf2OkihLz3dRYnkPA
Metro Boomin,Hummingbird (Metro Boomin & James Blake),6HexNTb392JS071DoTGo0y,79,0iEtIxbK0KxaSlF7G42ZOp
Calvin Harris,Desire (with Sam Smith),22dUzMFttcR3uU17NcOAIv,87,7CajNmpbOovFoOoasH2HaY
Parker McCollum,Burn It Down,09hVlIVHtEE1nLUv6YGZiW,74,0Z8XVUAOBPM4x12wKnFHEQ
KAROL G,OKI DOKI,601dhwn8qc31FrSlMu5wEf,81,790FomKkXshlbRYZFtlgla
Lil Uzi Vert,I Gotta,3lcfs9Qjfxzy00VSVkixDv,75,4O15NlyKLIASxsJ0PrXPfz
The Weeknd,Earned It (Fifty Shades Of Grey),6bwkboBlLILD7hLHEP532z,0,1Xyo4u8uXC1ZmMpatF05PJ
The Weeknd,Stargirl Interlude,743lpOvFlZGhsMLBvNKyPe,0,1Xyo4u8uXC1ZmMpatF05PJ
The Weeknd,I Feel It Coming,5IBbct0DgeD2jVb2zJBcZi,0,1Xyo4u8uXC1ZmMpatF05PJ
The Weeknd,Call Out My Name,3yn4AN3yeMiz88A5xtUQsn,0,1Xyo4u8uXC1ZmMpatF05PJ
The Weeknd,Starboy,1tJ2bhg1M3ELwSjxkkhocw,0,1Xyo4u8uXC1ZmMpatF05PJ
The Weeknd,Christmas Blues,4KHPtuvvPmLa5SUYwRZrCB,0,1Xyo4u8uXC1ZmMpatF05PJ
The Weeknd,Christmas Blues,5qJWyDcQ7odpgnBF9OnatJ,0,1Xyo4u8uXC1ZmMpatF05PJ
The Weeknd,Christmas Blues,2qyFCJT4gPm1X2CiuJBpOh,0,1Xyo4u8uXC1ZmMpatF05PJ
The Weeknd,Christmas Blues,6bhQgNSEgGv1dgDBLMc24l,0,1Xyo4u8uXC1ZmMpatF05PJ
The Weeknd,Christmas Blues,3ACxUXCC1SiyQO8vVhfTxR,0,1Xyo4u8uXC1ZmMpatF05PJ
The Weeknd,Reminder,3mRXA3YoK4WUPn6x6pRlLf,2,1Xyo4u8uXC1ZmMpatF05PJ
The Weeknd,Christmas Blues,1az0Hdadk0KHZOpkC8SGIJ,0,1Xyo4u8uXC1ZmMpatF05PJ
The Weeknd,Christmas Blues,3A55ehhLpmIBQADhStZWrI,0,1Xyo4u8uXC1ZmMpatF05PJ
The Weeknd,In Your Eyes,22RWKukJW6HGn6Wc238yck,1,1Xyo4u8uXC1ZmMpatF05PJ
The Weeknd,Christmas Blues,0YviSuclyUTsvwhm8i3xbD,0,1Xyo4u8uXC1ZmMpatF05PJ
The Weeknd,Christmas Blues,24TZR1t69q8SVGx27ICurH,0,1Xyo4u8uXC1ZmMpatF05PJ
The Weeknd,Christmas Blues,57KDRFLwSWlGpASpS4PJ3g,0,1Xyo4u8uXC1ZmMpatF05PJ
The Weeknd,I Feel It Coming,1Y173wz5aJQu76tVyilWPc,0,1Xyo4u8uXC1ZmMpatF05PJ
The Weeknd,Christmas Blues,0XrTFmTXUlZ6VrClEdWYqg,0,1Xyo4u8uXC1ZmMpatF05PJ
The Weeknd,Christmas Blues,02HBIHZQEEeaogzgLgS75u,1,1Xyo4u8uXC1ZmMpatF05PJ
The Weeknd,Christmas Blues,2PrfBJWgNTxvpUmHH1H4xF,0,1Xyo4u8uXC1ZmMpatF05PJ
The Weeknd,Christmas Blues,33C8Zmm49FD8Ao3IficrO5,0,1Xyo4u8uXC1ZmMpatF05PJ
The Weeknd,Less Than Zero,6KKKg8A7RH4oprevU7fcDT,0,1Xyo4u8uXC1ZmMpatF05PJ
The Weeknd,Christmas Blues,5c2vNS8dMCAEIAWSFoY63i,0,1Xyo4u8uXC1ZmMpatF05PJ
The Weeknd,Christmas Blues,7Gjxn7GuOa0IJkN5W0yaMB,0,1Xyo4u8uXC1ZmMpatF05PJ
The Weeknd,Christmas Blues,13WdKwN4c1tWdbgfbEVP38,0,1Xyo4u8uXC1ZmMpatF05PJ
The Weeknd,Christmas Blues,7kFG7qcJOwGNmksSS5S3Ee,0,1Xyo4u8uXC1ZmMpatF05PJ
The Weeknd,Blinding Lights,3y1weQADTFIhYyHJ5LNqGX,0,1Xyo4u8uXC1ZmMpatF05PJ
The Weeknd,Blinding Lights,0fabqUEKdCHowTxbMVrmFn,1,1Xyo4u8uXC1ZmMpatF05PJ
The Weeknd,Stargirl Interlude,20Z0vqmWpCDUSm7zH3s6pt,0,1Xyo4u8uXC1ZmMpatF05PJ
The Weeknd,Blinding Lights,2MrZUG0ea3diZBy7dAC1Yh,0,1Xyo4u8uXC1ZmMpatF05PJ
The Weeknd,Is There Someone Else?,4JDiwBANhjF9b3DelYWKLx,0,1Xyo4u8uXC1ZmMpatF05PJ
The Weeknd,Christmas Blues,5DkJsSYVS9em61Y4lfiNlx,1,1Xyo4u8uXC1ZmMpatF05PJ
The Weeknd,Christmas Blues,0iK6Hs2RpfXIVkyURyrtTJ,0,1Xyo4u8uXC1ZmMpatF05PJ
The Weeknd,Christmas Blues,1qNx5wjrg5arQTsQGw1MUD,0,1Xyo4u8uXC1ZmMpatF05PJ
The Weeknd,I Feel It Coming,5LRQ7S4gXgGqHiaDuhSZvl,2,1Xyo4u8uXC1ZmMpatF05PJ
The Weeknd,Save Your Tears,4xET9tZELrXjY03yoXIK0V,0,1Xyo4u8uXC1ZmMpatF05PJ
The Weeknd,Christmas Blues,76RDYBXy1LtrItEOC8aP2n,0,1Xyo4u8uXC1ZmMpatF05PJ
The Weeknd,Christmas Blues,2SK2ZJ6kyRGX75gK4TU9TR,0,1Xyo4u8uXC1ZmMpatF05PJ
The Weeknd,Less Than Zero,5WKskKrf4eVVgbvDYLm1Is,2,1Xyo4u8uXC1ZmMpatF05PJ
The Weeknd,"Earned It (Fifty Shades Of Grey) - From ""Fifty Shades Of Grey"" Soundtrack",0iSmlSbbvqsw9nKUJnRb7K,0,1Xyo4u8uXC1ZmMpatF05PJ
The Weeknd,Christmas Blues,2XVwDz7To4vQ7ionNILyyI,0,1Xyo4u8uXC1ZmMpatF05PJ
The Weeknd,Christmas Blues,26WN9KNqzurNhNecImiiJH,0,1Xyo4u8uXC1ZmMpatF05PJ
The Weeknd,Christmas Blues,0w2l1x0MBaxKP4frcMBAE0,0,1Xyo4u8uXC1ZmMpatF05PJ
The Weeknd,Christmas Blues,3du4F4pB3ame2hEN0wbxPU,0,1Xyo4u8uXC1ZmMpatF05PJ
The Weeknd,Blinding Lights,0WODdOyFIQUdUZ6qDqGN5O,3,1Xyo4u8uXC1ZmMpatF05PJ
The Weeknd,Christmas Blues,0P1bclX2cuYm2PpZMZiNlr,0,1Xyo4u8uXC1ZmMpatF05PJ
The Weeknd,Secrets,4omseXcsbZRWvgSpFd6gAC,1,1Xyo4u8uXC1ZmMpatF05PJ
The Weeknd,Christmas Blues,04MADFE0uUFgEjR1whfECE,0,1Xyo4u8uXC1ZmMpatF05PJ
The Weeknd,Die For You,2Mj5jAv4jiYTHsRLSYwCTz,1,1Xyo4u8uXC1ZmMpatF05PJ
The Weeknd,Starboy,16qMf5FQnddIrLSyxVzyGN,0,1Xyo4u8uXC1ZmMpatF05PJ
The Weeknd,Christmas Blues,0KntuGSSFraKyiNH4VYxRN,0,1Xyo4u8uXC1ZmMpatF05PJ
The Weeknd,Christmas Blues,0nn0Wr3pzK0LrLu8reGSEt,0,1Xyo4u8uXC1ZmMpatF05PJ
The Weeknd,Take My Breath,7oIMu2ToE8prHCURzNioVU,2,1Xyo4u8uXC1ZmMpatF05PJ
The Weeknd,Christmas Blues,6IJEmOzb8N1LxOcYsx3FLv,0,1Xyo4u8uXC1ZmMpatF05PJ
The Weeknd,Christmas Blues,24pcx9gvqEFOkV0zSFB5cu,0,1Xyo4u8uXC1ZmMpatF05PJ
The Weeknd,Christmas Blues,1AQTpRBm0wqQEIetoEniDZ,0,1Xyo4u8uXC1ZmMpatF05PJ
The Weeknd,Christmas Blues,6jFPHTYwuTHutQNJaWLRtO,0,1Xyo4u8uXC1ZmMpatF05PJ
The Weeknd,Christmas Blues,0nIpmf11ZtJDUpuuTpU5Ju,0,1Xyo4u8uXC1ZmMpatF05PJ
The Weeknd,Christmas Blues,7Dci1QkgMEG1FRyDtyY4sK,0,1Xyo4u8uXC1ZmMpatF05PJ
The Weeknd,Heartless,499wqdhrBWwST8zbvcSRZB,0,1Xyo4u8uXC1ZmMpatF05PJ
The Weeknd,Can't Feel My Face,3Wwy3bM1ZV7cDmEI3aPm4L,1,1Xyo4u8uXC1ZmMpatF05PJ
The Weeknd,Starboy,5DgF9iJIzcP7FwmI7GALfP,2,1Xyo4u8uXC1ZmMpatF05PJ
The Weeknd,Call Out My Name,17JZMuVLn8Damr5KQhYBr8,6,1Xyo4u8uXC1ZmMpatF05PJ
The Weeknd,Die For You,3Tu7jDBRZK0skKU5KHCo5L,2,1Xyo4u8uXC1ZmMpatF05PJ
The Weeknd,Starboy,60PSEXeZiwdcpqv2G4zORf,2,1Xyo4u8uXC1ZmMpatF05PJ
The Weeknd,Stargirl Interlude,3jXCfteAnLhi0RjiI8ssLd,2,1Xyo4u8uXC1ZmMpatF05PJ
The Weeknd,Heartless,1VpKT3ONM93ABRea44fRYl,4,1Xyo4u8uXC1ZmMpatF05PJ
The Weeknd,After Hours,2Nv3pllf2CpG6x4bQHxRvR,5,1Xyo4u8uXC1ZmMpatF05PJ
The Weeknd,The Hills,2Dwe2jWC2XREvL8tvcRhDh,1,1Xyo4u8uXC1ZmMpatF05PJ
The Weeknd,The Hills,6JRMitdFaVam8vYZE1ihqs,2,1Xyo4u8uXC1ZmMpatF05PJ
The Weeknd,Blinding Lights,6Vbv7K1PXfDp8h33Autwtf,1,1Xyo4u8uXC1ZmMpatF05PJ
The Weeknd,Often - Kygo Remix,5g4GamSdsML7RWDcCaxdVe,1,1Xyo4u8uXC1ZmMpatF05PJ
The Weeknd,Starboy,2cd6t6AMIZfhHp4IQR1tRR,4,1Xyo4u8uXC1ZmMpatF05PJ
NLE Choppa,SLUT ME OUT,0WoVfPjxsf9MTvPt9ptqeE,77,0ErzCpIMyLcjPiwT4elrtZ
Tito Double P,DEMBOW BÉLICO,0FkD2FHEZrZIofVkY6XPFK,84,5eumcnUkdmGvkvcsx1WFNG
The Weeknd,Popular - Music from the HBO Original Series,4GIy8IctFUuE6DdSNuDEOB,2,1Xyo4u8uXC1ZmMpatF05PJ
The Weeknd,Double Fantasy,2fkU7qoJDS07PdWxtyMCrP,2,1Xyo4u8uXC1ZmMpatF05PJ
The Weeknd,Double Fantasy,4iPB9HSL3xvzB3rpC2Be2z,5,1Xyo4u8uXC1ZmMpatF05PJ
The Weeknd,Double Fantasy,5SJlgYY8YutfxMPmPnDNj0,4,1Xyo4u8uXC1ZmMpatF05PJ
The Weeknd,Double Fantasy,1eCp5nuacMOQhAYFxycjrN,1,1Xyo4u8uXC1ZmMpatF05PJ
The Weeknd,Blinding Lights,7EM2fFOHzP2jJbQZvX4tX7,0,1Xyo4u8uXC1ZmMpatF05PJ
Noah Kahan,Call Your Mom,3yn01PcU95PTbiZ3xvop2j,76,2RQXRUsr4IW1f3mKyKsy4B
Alana Springsteen,goodbye looks good on you (feat. Mitchell Tenpenny),4K3tnAfDLPZPvc3lzsrjoq,74,4TPT9nwjRvEV49q7f8p4fy
Corey Kent,Something's Gonna Kill Me,41cv1emXVm5Su4DWvltXa6,74,3sUpZrkehiGBaMzs2h9Mmc
Iniko,Jericho,4ztdjZ2t7BVo5DLIFQBdJh,82,2ih5M0aTrQ97JX1nZuxDQY
Luke Combs,Love You Anyway,2kYevr8cbIAH2ha8210Bnz,76,718COspgdWOnwOFpJHRZHS
Lil Uzi Vert,Suicide Doors,3fDTzkvrOo5xQIO480Qmsb,76,4O15NlyKLIASxsJ0PrXPfz
Jimin,Like Crazy (English Version),6EY9e6LyPWmL8hUS5E1P0h,80,1oSPZhvZMIrWW5I41kPkkY
Grupo Firme,Qué Onda Perdida,3upTB6o5YgeALHgDp3mzte,84,1dKdetem2xEmjgvyymzytS
Yandel,Yankee 150,28BSTgZH1ckI8Xfy8LXaRz,86,0eHQ9o50hj6ZDNBt6Ys1sD
Teddy Swims,Lose Control,6usohdchdzW9oML7VC4Uhk,78,33qOK5uJ8AR2xuQQAhHump
KAROL G,DISPO,4iGQ8o9Ih6J1OuDDGCXSCL,82,790FomKkXshlbRYZFtlgla
Taylor Swift,Innocent (Taylor's Version),12nBPF4Rh4XLFJV0YLN7uj,79,06HL4z0CvFAxyc27GXpf02
Baby Keem,The Hillbillies,1h6w4POXM2LfG4ZD4xUfZQ,77,5SXuuuRpukkTvsLuUknva1
Calvin Harris,Miracle (with Ellie Goulding),5eTaQYBE1yrActixMAeLcZ,90,7CajNmpbOovFoOoasH2HaY
Lil Yachty,Strike (Holster),7iTTWHbr4tAlsRJN4m4bay,76,6icQOAFXDZKsumw3YXyusw
Kane Brown,Bury Me in Georgia - Single Edit,2mltIbKkhQqyh8gCzaqxqA,73,3oSJ7TBVCWMDMiYjXNiCKE
Nicki Minaj,Barbie World (with Aqua) [From Barbie The Album],749HNBEskSdXTKtGYvASFH,81,0hCNtLu0JehylgoiP8L4Gh
YoungBoy Never Broke Again,Bitch Let's Do It,3EN9CgupFLmuwmHYUPq0ny,74,7wlFDEWiM5OoIAt8RSli8b
Grupo Marca Registrada,Di Que Si,0kzN7YAMSbmlHOvxlbQW9y,81,1gW6pz5n1aK249L0GvfQCC
Post Malone,Sign Me Up,4mahloUW5K6KeGijwnMGDr,78,246dkjvS1zLTtiykXe5h60
Sebastian Yatra,VAGABUNDO,1MB8kTH7VKvAMfL9SHgJmG,90,07YUOmWljBTXwIseAUd9TW
YOASOBI,アイドル,7ovUcF5uHTBRzUpB6ZOmvt,88,64tJ2EAv1R6UaZqc4iOCyj
Cody Johnson,The Painter,6UoKX6uLJwhsnyTp5k5StP,74,6zLBxLdl60ekBLpawtT63I
DDG,I'm Geekin,4jQF77FelHaw2u1CB0sIfp,76,0WK3H9OErSn5zKOkOV5egm
Nicki Minaj,Barbie World (with Aqua),2tQG2nFEHhWsH05kFKlC4A,79,0hCNtLu0JehylgoiP8L4Gh
Labrinth,Never Felt So Alone,2NbsBSshscKIPRG3kwBbfo,81,2feDdbD5araYcm6JhFHHw7
Conner Smith,Creek Will Rise,5owS9iWWGd6mDlFjUFzBsw,73,0y2FPygoi6LVc75pxCgsMk
Falling In Reverse,Watch The World Burn,4CiVz4bw7X1zjCaJ5ZwxUS,79,2CmaKO2zEGJ1NWpS1yfVGz
FendiDa Rappa,Point Me 2 (with Cardi B),69ZBK01gsgWUnA55BEaAPu,75,7oXyXDUyxRjYXWC5L5EuGy
LE SSERAFIM,"Eve, Psyche & The Bluebeard’s wife",4QhnNyKDsAkXPwHkSnuc89,84,4SpbR6yFEvexJuaBpgAU5p
Brett Young,Dance With You,5SIb4S2seQAeCHPXxiNHBL,73,0fiWOxhsBsQQvFDtxUQWo0
Lil Yachty,drive ME crazy!,6luBKkFUt5wTwz7hpLhp12,76,6icQOAFXDZKsumw3YXyusw
Kassi Ashton,Drive You Out Of My Mind,0iqr64c8WWYb549HKs8sqD,73,1LCsAfmP4l13EYtzDaLMAg
Metro Boomin,"All The Way Live (Spider-Man: Across the Spider-Verse) (Metro Boomin & Future, Lil Uzi Vert)",0B6g379TMw0nYGXA7y5xHz,78,0iEtIxbK0KxaSlF7G42ZOp
Kylie Minogue,Padam Padam,3k0DJq2HdWJqnqor8NX0ac,83,4RVnAU35WRWra6OZ3CbbMA
Hozier,Eat Your Young,2Jw3VjB1xy5KHBqEeAC6VK,73,2FXC3k01G6Gw61bmprjgqS
jnhygs,SHAKE THAT SHIT!,0zPlzJewGJ8iIxia2bEWDN,77,0H942IkjXv9bjx5OxoG7kh
Rauw Alejandro,BABY HELLO,2SOvWt6igzXViIjIiWNWEP,88,1mcTU81TzQhprhouKaTkpq
The Weeknd,Die For You (with Ariana Grande) - Remix,4W4fNrZYkobj539TOWsLO2,86,1Xyo4u8uXC1ZmMpatF05PJ
$uicideboy$,Finding Shelter In My Larynx,7FzP0ZPkQZpV5rauVyb7R6,75,1VPmR4DJC1PlOtd0IADAO0
Gucci Mane,Bluffin (feat. Lil Baby),1hS8xbWKEifaf0VuFpIY69,75,13y7CgLHjMVRMDqxdx0Xdo
CHINCHILLA,Little Girl Gone,5OLcsBO28uWHMzS0EEeZNp,78,7iNrvS80wnHDGVxw3qNRiI
Ed Sheeran,Eyes Closed,3p7XQpdt8Dr6oMXSvRZ9bg,86,6eUKZXaKkcviH0Ku9w2n3V
Summer Walker,"To Summer, From Cole - Audio Hug",2f86Ae3R4OKAu1lEIqouih,76,57LYzLEk2LcFghVwuWbcuS
Jack Black,Peaches,4w9soAM7IrmYDhSXLp14p6,78,0qpMYTgbXRi1ZcX6vend3T
Eslabon Armado,Quedate Conmigo,2lqHosXoRrzxh42th6Mi7a,77,0XeEobZplHxzM9QzFQWLiR
Morgan Wallen,Whiskey Friends,2ewSCWOL7EAjgmgqfI1UlS,73,4oUHIQIBe0LHzYfvXNW4QM
Lil Uzi Vert,Pluto to Mars,0WCJSIy75ZVxqY51ce0enc,74,4O15NlyKLIASxsJ0PrXPfz
BigXthaPlug,Levels,6hgTMdO3CyXlNQJ1K58ruH,72,6qxpnaukVayrQn6ViNvu9I
Gunna,rodeo dr,2rjv9fXzpZDbB6lEeIoB3l,76,2hlmm7s2ICUX0LVIhVFlZQ
Lil Uzi Vert,Spin Again,1pDbGAAH5GQ8U0KG4fI77H,74,4O15NlyKLIASxsJ0PrXPfz
Fall Out Boy,We Didn’t Start The Fire,60glT2wsoSHV3B8yCRSB8v,76,4UXqAaa6dQYAk18Lv7PEgX
FIFTY FIFTY,Cupid,5mg3VB3Qh7jcR5kAAC4DSV,83,4GJ6xDCF5jaUqD6avOuQT6
Quavo,Focused (feat. Young Thug),3fX6IqwpcIYjyJwQFdJF8c,74,0VRj0yCOv2FXJNP47XQnx5
Michelle Maciel,CCC,7uuqrSuCjWxPTCVyOeGMyt,85,4WFwvZ4L8FZbt3qubbQJS6
Jung Kook,Seven (feat. Latto) (Clean Ver.),50Af7YTMHGNbYyvgofTAGf,88,6HaGTQPmzraVmaVxvz6EUc
Lil Yachty,SOLO STEPPIN CRETE BOY,7CIvyuVoWcY0LgUYa1aR5J,74,6icQOAFXDZKsumw3YXyusw
Peso Pluma,LAS MORRAS,0lc2neV7ZzjZExwCIVG2B3,79,12GqGscKJx3aE4t07u7eVZ
Grupo Frontera,LE VA DOLER,5dDN8h9dqErwnc88uyKq1b,81,6XkjpgcEsYab502Vr1bBeW
Taylor Swift,Superman (Taylor’s Version),4evLyY5Ue1Wesc61t2KXAU,78,06HL4z0CvFAxyc27GXpf02
Feid,Niña Bonita,3Gs7mVfWKl567mjozgxmXv,86,2LRoIwlKmHjgvigdNGBHNo
Quavo,Patty Cake (feat. Takeoff),485mSqbTvp0pdiK0UW2wbt,74,0VRj0yCOv2FXJNP47XQnx5
ATEEZ,BOUNCY (K-HOT CHILLI PEPPERS),5KyOUICJIvO0z71MBdPGiX,81,68KmkJeZGfwe1OUaivBa2L
Ashley McBryde,Light On In The Kitchen,2GAqIzPU7v3kfvY4hZQ9jm,73,371jpyGdoChzUASOIG2ECV
Victoria Monét,On My Mama,1o8Z7GD1CeOaVBEyuzu4HO,74,63XBtGSEZINSyXylZxEUbv
Kodak Black,"Angel Pt. 1 (feat. Jimin of BTS, JVKE & Muni Long)",1vvcEHQdaUTvWt0EIUYcFK,82,46SHBwWsqBkxI7EeeBEQG7
Lil Uzi Vert,Just Wanna Rock,4Ls53fBNVfaXTROBi6X8Hw,77,4O15NlyKLIASxsJ0PrXPfz
Tim McGraw,Standing Room Only,6BOP0cv1eeXcvi1oE8bDVZ,73,6roFdX1y5BYSbp60OTJWMd
Jimin,Set Me Free Pt.2,59hBR0BCtJsfIbV9VzCVAp,83,1oSPZhvZMIrWW5I41kPkkY
Tainy,PASIEMPRE,5NhLA2P7AiV3cloVmwtwLS,84,0GM7qgcRCORpGnfcN2tCiB
Peso Pluma,ZAPATA,3CEk3KwDixeCKOVPacup7L,80,12GqGscKJx3aE4t07u7eVZ
Peso Pluma,ROSA PASTEL,4yjeRuoVickg1G87LWeRes,79,12GqGscKJx3aE4t07u7eVZ
LE SSERAFIM,UNFORGIVEN (feat. Nile Rodgers),51vRumtqbkNW9wrKfESwfu,85,4SpbR6yFEvexJuaBpgAU5p
Oliver Anthony Music,Ive Got to Get Sober,1ldpep1bx3l8lsjSiv6AF6,73,6IkfE2JyVoKwBZXvuytKX3
The Kid LAROI,Love Again,4sx6NRwL6Ol3V6m9exwGlQ,79,2tIP7SsRs7vjIcLrU85W8J
Dan + Shay,Save Me The Trouble,7hZTywPKMdVjJzwdWu11BK,73,7z5WFjZAIYejWy0NI5lv4T
Post Malone,Don't Understand,4MTuL20LF3pWebeJbcNh7p,77,246dkjvS1zLTtiykXe5h60
Yandel,Yandel 150,4FAKtPVycI4DxoOHC01YqD,86,0eHQ9o50hj6ZDNBt6Ys1sD
Ludwig Göransson,Can You Hear The Music,4VnDmjYCZkyeqeb0NIKqdA,82,24eDfi2MSYo3A87hCcgpIL
Maluma,COCO LOCO,3kmWIej9tXjSWWYc9tPjJk,87,1r4hJ1h58CWwUQe3MxPuau
SNOW WIFE,AMERICAN HORROR SHOW,38RLObegC9ggpKPRVQDc1g,76,7CV3dQkhJB2dEqb85ICD33
Noah Kahan,No Complaints,52DudaVZObvmBgEX6IObHX,74,2RQXRUsr4IW1f3mKyKsy4B
Morgan Wallen,Neon Star (Country Boy Lullaby),1GiwvmI57OTGcKGNigZFJb,73,4oUHIQIBe0LHzYfvXNW4QM
Gunna,ca$h $hit,48rsYvIQXUAtxcmIoStOaM,76,2hlmm7s2ICUX0LVIhVFlZQ
Rauw Alejandro,LOKERA,1aUq8rjW1EwkAkMri4VfJy,81,1mcTU81TzQhprhouKaTkpq
Jonas Brothers,Summer Baby,3FyfTh70PkgooRDe4SNP0U,77,7gOdHgIoIKoe4i9Tta6qdD
IVE,I AM,70t7Q6AYG6ZgTYmJWcnkUM,85,6RHTUrRF63xao58xh9FXYJ
"Tyler, The Creator",SORRY NOT SORRY,410ZZP746AQeiywhKvXWCo,76,4V8LLVI7PbaPR0K2TGSxFF
Bizarrap,"Rauw Alejandro: Bzrp Music Sessions, Vol. 56",2NFadq6pUeiVEihLvUlOSr,88,716NhGYqD1jl2wI1Qkgq36
Sleep Token,The Summoning,0S38Oso3I9vpDXcTb7kYt9,75,2n2RSaZqBuUUukhbLlpnE6
jnhygs,JERK!,6FRiFD0r9Mnv9VFnW4A7wB,76,0H942IkjXv9bjx5OxoG7kh
Post Malone,Socialite,3ZcJaN63FKEMxDWWPefsiW,76,246dkjvS1zLTtiykXe5h60
Dylan Gossett,Coal,5cI23aJ66Gw2a4N8l4dGYw,76,4H4M0Y4cN39zIVDHvdW53x
Anuel AA,Mas Rica Que Ayer,3XjvMZqm2AQ8thMCD6w9w2,84,2R21vXR83lH98kGeO99Y66
Dominic Fike,How Much Is Weed?,44KWbTVZev3SWdv1t5UoYE,74,6USv9qhCn6zfxlBQIYJ9qs
Jhayco,Holanda,6irysuQyZWd7Bjj7ePiOs2,89,6nVcHLIgY5pE2YCl8ubca1
Lil Durk,F*ck U Thought,7nGY6TG3NF8MNdUOT2wJA4,73,3hcs9uc56yIGFCSy9leWe7
The Weeknd,Double Fantasy (with Future),4VMRsbfZzd3SfQtaJ1Wpwi,82,1Xyo4u8uXC1ZmMpatF05PJ
KAROL G,ME TENGO QUE IR,5AwdJhVYK64TDpfdRa1DyN,78,790FomKkXshlbRYZFtlgla
Manuel Turizo,La Bachata,3tt9i3Hhzq84dPS8H7iSiJ,86,0tmwSHipWxN12fsoLcFU3B
LUCKI,2021 Vibes,6TJaoJX8VhptZ0DkcsjWaR,73,5tQMB0cuNXdCtzovGt55uD
Morgan Wallen,I Deserve A Drink,7u2iWRkkz8GBYFe4apxVBl,72,4oUHIQIBe0LHzYfvXNW4QM
Brray,Corazón Roto - Remix,6k5wiT5l9DK8iZmhvEvoqo,87,1GKIlPFdcewHtpDVCQ8zmJ
Luke Combs,Where the Wild Things Are,0eBFgRxyVSeuT4iyrbukdn,75,718COspgdWOnwOFpJHRZHS
Taylor Swift,Karma (feat. Ice Spice),4i6cwNY6oIUU2XZxPIw82Y,78,06HL4z0CvFAxyc27GXpf02
Gabby Barrett,Glory Days,7qaMlLPdwNiiU1Uiy1oAdO,72,6Iz3eq2aQGFf7TbGT2iahL
Lil Tecca,HVN ON EARTH (with Kodak Black),4367dXCt02KMgELPisJ2D4,77,4Ga1P7PMIsmqEZqhYZQgDo
Kapla y Miky,LOS CULOS DE MEDALLO,2CvfXjMfoheLIdjlkIBjXA,77,4dhKkIzf9LXogFL1NXfQc1
Peso Pluma,SU CASA,1tGGJ4SRZnd2H0E2dV05iM,78,12GqGscKJx3aE4t07u7eVZ
Lewis Capaldi,Wish You The Best,3gdPwk2wyOXNRnTA1KXnEr,84,4GNC7GD6oZMSxPGyXy4MNB
Peso Pluma,LA PEOPLE,1RzjXhgnzqb3dMa5852itx,78,12GqGscKJx3aE4t07u7eVZ
KAROL G,S91,6NlJtxTYtt0b8tY2IAZDAV,78,790FomKkXshlbRYZFtlgla
Dominic Fike,Think Fast (feat. Weezer),4Z59a9hIn8EMsni3OiqGso,74,6USv9qhCn6zfxlBQIYJ9qs
sped up 8282,Cupid – Twin Ver. (FIFTY FIFTY) – Sped Up Version,3B228N0GxfUCwPyfNcJxps,82,1c0ChJZVluriMPwFrTAmly
sapientdream,Past Lives,3oELxRDbAzyvOodhd5FQzB,80,4wOqWyXZiVMLchDC2H9CyP
Luke Combs,5 Leaf Clover,52ChYmfu792MW2Ezv0whpk,75,718COspgdWOnwOFpJHRZHS
John Summit,Where You Are,4qDpLaFGf5ampf2DXD2TMA,78,7kNqXtgeIwFtelmRjWv205
KAROL G,CAIRO,16dUQ4quIHDe4ZZ0wF1EMN,81,790FomKkXshlbRYZFtlgla
That Mexican OT,Johnny Dang (with Paul Wall & DRODi),6XEt23sq6sRgER8sSZbCR5,72,3BAgmPNIK5IJl7zMK1wvMA
Lana Del Rey,Peppers (feat. Tommy Genesis),2Rlso2ZNV0PaWwUYeeBYxx,80,00FQb4jTyendYWaN8pK0wa
boygenius,Cool About It,5PJH1U5Iie893v48Fl9yaC,76,1hLiboQ98IQWhpKeP9vRFw
Niall Horan,Heaven,5FQ77Cl1ndljtwwImdtjMy,81,1Hsdzj7Dlq2I7tHP7501T4
$uicideboy$,"Six Lines, Two Dragons, and a Messiah",4Xid2bPvFoMcwp6NeUT2Ap,73,1VPmR4DJC1PlOtd0IADAO0
Quavo,Hold Me,2ufahvEKcQW69XYjWcmKXH,73,0VRj0yCOv2FXJNP47XQnx5
The Weeknd,"One Of The Girls (with JENNIE, Lily Rose Depp)",7CyPwkp0oE8Ro9Dd5CUDjW,85,1Xyo4u8uXC1ZmMpatF05PJ
Shakira,Copa Vacía,2iVgM5C7m1G4CJGbms301G,86,0EmeFodog0BfCgMzAIvKQp
Melanie Martinez,EVIL,6UW10CbMTvqciT3X3Ldeox,76,63yrD80RY3RNEM2YDpUpO8
KAROL G,BICHOTAG,5CQXesQM39J0CBnY0Npp6S,78,790FomKkXshlbRYZFtlgla
Carly Pearce,We Don't Fight Anymore,2dPwBKr5uJeCeyd5IoWi8W,72,4sIl4BTo9l9KqEi0Y3RE72
Post Malone,Speedometer,5oJw81e2Tzr2rC0lHXnDPb,76,246dkjvS1zLTtiykXe5h60
Morgan Wallen,180 (Lifestyle),4Q6LSSmQwn94hioXfvzdbU,73,4oUHIQIBe0LHzYfvXNW4QM
Grupo Marca Registrada,Di Que Sí,0pliiCOWPN0IId8sXAqNJr,77,1gW6pz5n1aK249L0GvfQCC
Hozier,Damage Gets Done (feat. Brandi Carlile),2OLaeJRrRjFgLfTsccnzlM,72,2FXC3k01G6Gw61bmprjgqS
GROOVY,jersey luv,2Z2MAil7tpZhHOB2noIJUd,74,6Y6qIKwe32BxNflpxbKsJc
Noah Kahan,Paul Revere,1dHtMSJ1Ozg2Ja6GX4McAO,73,2RQXRUsr4IW1f3mKyKsy4B
Tyler Hubbard,5 Foot 9,0U4iRayct65wsaBMQGiLbg,72,3BEV5FcxOtkQJ7lLRKMh3V
Bibi Babydoll,Automotivo Bibi Fogosa,4kRLRWnn5u9wO2wOKAAdEN,89,6R26kGib2ubbZJMh7kKVGV
USHER,Good Good,0J1YRLYhTG1MBosjidD7OI,75,23zg3TcAtWQy7J6upgbUnj
Noah Kahan,"Your Needs, My Needs",5S9hlmzNQwZuhynLfxZ8Lg,73,2RQXRUsr4IW1f3mKyKsy4B
Lumi Athena,LET ME SEE YA MOVE!,5z6IuFSIc3OrZGDC2Q9icP,77,1TTHC3GlNDaE5eVoC3BVxm
Diplo,Heartbroken - Jessie Version,60bbiP93CSxmLibuwvxay9,72,5fMUXHkw8R8eOP2RNVYEZX
Ava Max,Choose Your Fighter,7lcuUkp4LjPflvzPjemDzw,79,4npEfmQ6YuiwW1GpUmaq3F
Lauren Spencer Smith,Bigger Person,2Kqw2ECnErSCU9bxPSVgGx,78,79AyR6ATpj2LTPxfb6FX50
NF,CAREFUL,7FET9gtiECWn7llt0sfvtU,75,6fOMl44jA4Sp5b9PpYCkzz
KAROL G,MI EX TENÍA RAZÓN,54zcJnb3tp9c5OVKREZ1Is,84,790FomKkXshlbRYZFtlgla
Ryan Gosling,I’m Just Ken (From Barbie The Album),7jPdqwZug0ovtDZsY5uK4T,81,6kXm2YCtdUOpRYNKeKhfue
KAROL G,QLONA,5RqSsdzTNPX1uzkmlHCFvK,84,790FomKkXshlbRYZFtlgla
Kali Uchis,I Wish you Roses,35SbrfbaSpGUBX7e5BPega,75,1U1el3k54VvEUzo3ybLPlM
Sabrina Carpenter,Feather,2Zo1PcszsT9WQ0ANntJbID,79,74KM79TiuVKeVCqs8QtB0B
SZA,Kill Bill (feat. Doja Cat),0CrcwVLUe8wzLUIXgjXVZJ,77,7tYKF4w9nC0nq9CsPZTHyP
KAROL G,GATITA GANGSTER,7gUtEoYJcPnhF4bJAJ3O8q,79,790FomKkXshlbRYZFtlgla
FISHER,Atmosphere,1aNUSKBe6UMyMk3pEu9ws7,75,1VJ0briNOlXRtJUAzoUJdt
Lil Durk,Cross The Globe (feat. Juice WRLD),52WWw9qNZXZZtWU336TtKG,74,3hcs9uc56yIGFCSy9leWe7
Cartel De Santa,Shorty Party,55ZATsjPlTeSTNJOuW90pW,85,07PdYoE4jVRF6Ut40GgVSP
Quavo,Fueled Up,30bmc9ZRhqi4l9JrOADsV0,73,0VRj0yCOv2FXJNP47XQnx5
Jonas Brothers,Waffle House,5iE3eUH2WGCXcE2xr6DEmU,78,7gOdHgIoIKoe4i9Tta6qdD
beabadoobee,Glue Song (feat. Clairo),0tMMPZEt6Gyrl9FI8zSicm,78,35l9BRT7MXmM8bv2WDQiyB
Trippie Redd,Closed Doors (feat. Roddy Ricch),2d7skuHfmB45wv4KyC2v13,73,6Xgp2XMz1fhVYe7i6yNAax
Kelsea Ballerini,Penthouse,5rCt377EMkCJ0D0sldd5t8,73,3RqBeV12Tt7A8xH3zBDDUF
Grupo Frontera,un x100to,4QctbZRsuWYPT0pbKg7u75,82,6XkjpgcEsYab502Vr1bBeW
6YNTHMANE,BRAZILIAN DANÇA PHONK,6yVjjQA31SLM1kc4j5jPwF,85,24YUNOEuu3kf4OOtC8cQE5
Dylan Marlowe,Record High,7KTouudlySEWXOWHAuFAFv,71,0ZZLr8EH3aNFzYpXtaTIax
Young Miko,wiggy,4xU4XeklG562EnanWzpY3A,86,3qsKSpcV3ncke3hw52JSMB
Jonas Brothers,Waffle House,4inPxqHrj9VmjLx5JCDCV4,75,7gOdHgIoIKoe4i9Tta6qdD
Morgan Wallen,Born With A Beer In My Hand,1BAU6v0fuAV914qMUEESR1,72,4oUHIQIBe0LHzYfvXNW4QM
J Hus,Who Told You (feat. Drake),40EXFgNMOIQRQOwJZ8mJkC,83,2a0uxJgbvvIRI4GX8pYfcr
HARDY,wait in the truck (feat. Lainey Wilson),49GYvCcvMQq1SY3f7Y347h,71,5QNm7E7RU2m64l6Gliu8Oy
Metro Boomin,"Home (Metro Boomin & Don Toliver, Lil Uzi Vert)",2qlBAT108lYOzlXhBxBqEv,77,0iEtIxbK0KxaSlF7G42ZOp
Brothers Osborne,Nobody's Nobody,1Q7kOSZkgeCkVpWRmNBAcI,71,39NR3AUhpbbqKM33vWn2fp
Lil Uzi Vert,Werewolf (feat. Bring Me The Horizon),3ySqZ8yGoh4Emi9HiPCCdP,74,4O15NlyKLIASxsJ0PrXPfz
Hozier,First Time,4LesrBswFnLcHmwDslst1q,71,2FXC3k01G6Gw61bmprjgqS
Sam Smith,Unholy (feat. Kim Petras),0NZPBYD5qbEWRs3PrGiRkT,82,2wY79sveU1sp5g7SokKOiI
Jelly Roll,Halfway To Hell,3EON33SUQai62FI5Sv0gPT,72,19k8AgwwTSxeaxkOuCQEJs
Post Malone,Texas Tea,0cuNKdwaFrDJ4G1hYxI6aI,75,246dkjvS1zLTtiykXe5h60
That Mexican OT,Hit List (with BigXthaPlug & Big Yavo),6tiYQ631gOeBb2jCtaIs0R,71,3BAgmPNIK5IJl7zMK1wvMA
Pecos & the Rooftops,This Damn Song,7hSdspr7RBzq8VYOSVwALb,71,5KbiLoVLLIHM5vZ0RM9WMU
That Mexican OT,Cowboy Killer,5SGWCqheDXPlYnv9aQs795,71,3BAgmPNIK5IJl7zMK1wvMA
Jack Harlow,They Don't Love It,2dSKFFNoNXKo3hPnlwUdPe,76,2LIk90788K0zvyj2JJVwkJ
Muscadine Bloodline,Me On You,1wwjfgCUXaupR7q3tv6ZXN,72,0EyZDKtc41e4A3a3v69MxD
ZAYN,Love Like This,3P9pRL7V9yM9DhY6NGZjzA,82,5ZsFI1h6hIdQRw2ti0hz81
Labrinth,Never Felt So Alone,6unndO70DvZfnXYcYQMyQJ,78,2feDdbD5araYcm6JhFHHw7
Peso Pluma,Rosa Pastel,4LreWoO3cpgiIfrRwbOUSF,80,12GqGscKJx3aE4t07u7eVZ
Bailey Zimmerman,Where It Ends,0wXThIDxO3YRJCpPgnmbkw,72,3win9vGIxFfBRag9S63wwf
Lil Uzi Vert,x2,3a36nM6fPVA8K1vqq6d03o,73,4O15NlyKLIASxsJ0PrXPfz
Jimin,Face-off,3OdIiWnYRHPYtC313Z0Bwy,80,1oSPZhvZMIrWW5I41kPkkY
Carin Leon,Primera Cita,25OeKzcqakFPaJlXHPE5lm,84,66ihevNkSYNzRAl44dx6jJ
Hozier,De Selby (Part 1),78x3oT0wyvcm9GRmuAP6Vq,71,2FXC3k01G6Gw61bmprjgqS
41,Bent,6ulEymrJ2Azx1uo3YHSE5w,73,0yknvLWQZxwsMjhUhwWZQ8
Morgan Wallen,Good Girl Gone Missin’,5LisHkYlpdkqNYl1HZ5cKd,71,4oUHIQIBe0LHzYfvXNW4QM
LIT killah,Los del Espacio,1Hs1uUl8o2VtDp1DABFq0O,92,1vqR17Iv8VFdzure1TAXEq
JISOO,FLOWER,69CrOS7vEHIrhC2ILyEi0s,81,6UZ0ba50XreR4TM8u322gs
PinkPantheress,Angel (From Barbie The Album),0CpfO9VNiW0OGIaZO6zO3n,76,78rUTD7y6Cy67W1RVzYs7t
Sam Smith,Man I Am,28NzgzNmoHRsFKihGxpmmV,78,2wY79sveU1sp5g7SokKOiI
Dominic Fike,Mona Lisa,71DSaeKtXQaMAqnvMT7Uoc,75,6USv9qhCn6zfxlBQIYJ9qs
Lil Uzi Vert,Patience (feat. Don Toliver),05grSYrVwYw58YMOdJceyz,73,4O15NlyKLIASxsJ0PrXPfz
Dixon Dallas,Good Lookin',1BHse4ulQefGTZZIeziZqr,73,2xmmjD4GfeJ5BRueLvPqec
Paris Paloma,labour,2Ggr9IfS70wYQacW8nZKPG,77,2EXpthNgSeTDeX8nGwxppp
Hozier,De Selby (Part 2),3SRtygyWBQnoxuOPtdBPm2,70,2FXC3k01G6Gw61bmprjgqS
KAROL G,GUCCI LOS PAÑOS,3CNbrXrUrEARw8zeKNCdYo,78,790FomKkXshlbRYZFtlgla
KAROL G,MAÑANA SERÁ BONITO,4bycD60yZgR6anIBtmU8UH,78,790FomKkXshlbRYZFtlgla
Cole Swindell,Drinkaby,3lg4wfPFpFLapRp2SiQQGd,71,1mfDfLsMxYcOOZkzBxvSVW
FIFTY FIFTY,Barbie Dreams (feat. Kaliii) [From Barbie The Album],7njDhlprmHJ1I9pM0rxMON,79,4GJ6xDCF5jaUqD6avOuQT6
Feid,VENTE CONMIGO,4zzyCocu8LZVqctOGSfVKz,83,2LRoIwlKmHjgvigdNGBHNo
Jung Kook,Seven (feat. Latto) (Clean Ver.),4yk9mD1iZpUg2HE3z9HhdP,86,6HaGTQPmzraVmaVxvz6EUc
Rundown Spaz,First Day Out (Freestyle),7AtQxohgEu5dRYdcY4gB6G,71,4W7fxKwDR9luCrOryB3GVK
Hozier,Unknown / Nth,0yyQOpUfKMOg1JpFQi2reh,71,2FXC3k01G6Gw61bmprjgqS
Chencho Corleone,Un Cigarrillo,4k7CNPArKLf4QuvGfMeHDk,80,37230BxxYs9ksS7OkZw3IU
LECADE,Sober Me Up,6W2k8I5gQGFZNQ1n97sCFV,71,5KfgJTNwvEbzMtJREyq9Jt
CORPSE,CODE MISTAKE,39iRz0h1eZOyXzch8tKQit,76,7yntSJ6uojO3z6GFUVwhAW
Bryan Martin,Wolves Cry,7yyRhjoCsdt5dDpFz2CImD,72,0ChjBYedhZTQnWZWQYg15U
Bailey Zimmerman,You Don’t Want That Smoke,5uPQjirx9C6MS47V556x46,71,3win9vGIxFfBRag9S63wwf
Lah Pat,Rodeo (Remix),035MzEbx4z2DxuRDymHXbv,78,6dhd3wcal02KeLBk5wScfd
SEVENTEEN,Super,3AOf6YEpxQ894FmrwI9k96,84,7nqOGRxlXj7N2JYbgNEjYH
Ed Sheeran,Life Goes On (feat. Luke Combs),63kLorCFyk4ZHMHPhcWOtO,77,6eUKZXaKkcviH0Ku9w2n3V
Hozier,"I, Carrion (Icarian)",3EN1l4uUvFBOy3pD9we2jf,70,2FXC3k01G6Gw61bmprjgqS
Jorja Smith,Little Things x Gypsy Woman - L BEATS MASHUP,6xp1u6ZEHXX8DxJIFFrVoP,83,1CoZyIx7UvdxT5c8UkMzHd
Young Miko,ID,0crVjW9Jz8ktVuVXoUi187,82,3qsKSpcV3ncke3hw52JSMB
Chino Pacas,Negro Como La Pantera,1QpM1kB7sggMOBuWUNUnfg,76,2rmkQLzj0k4nZdQehOUByO
Lil Uzi Vert,Crush Em,11pn4LFXCIXyprWQk8RSlM,72,4O15NlyKLIASxsJ0PrXPfz
Jung Kook,Seven (feat. Latto) (Explicit Ver.),3t1TAfnoXfnMclelI70UaX,86,6HaGTQPmzraVmaVxvz6EUc
6arelyhuman,Hands up!,0Vqaw7CxyURWaRI9gNJthb,77,1oYXEVbGh1L7EWGm9C68cN
Don Toliver,Embarrassed (feat. Travis Scott),6w9GrSUaQQIaMBYtabge7p,76,4Gso3d4CscCijv0lmajZWs
Moneybagg Yo,Motion God,4FpgCVHDfwcHQ17hJ9SyuL,71,3tJoFztHeIJkJWMrx0td2f
Quavo,Back Where It Begins (feat. Future and Takeoff),3TwSlL9lqE5y9Ggh7eclTa,71,0VRj0yCOv2FXJNP47XQnx5
Quavo,Turn Yo Clic Up (feat. Future),2IHdMccpnU0PGHGltqM2Sq,71,0VRj0yCOv2FXJNP47XQnx5
Quavo,11.11,1C5Eq55pLvw7DCqAGHC9Uu,71,0VRj0yCOv2FXJNP47XQnx5
Tigirlily Gold,Shoot Tequila,6nTul7GTW3DInboBkJvvHw,71,0z4vOhwPxS2J5ULMg8edzb
Daniel Caesar,Always,2LlOeW5rVcvl3QcPNPcDus,85,20wkVLutqVOYrc0kxFs7rA
Panter Bélico,Punto y Aparte,7z2Z8mwfsoMnNArKB946gU,80,7pESOE4dEq8Yk4OKlJa3pS
Hozier,Francesca,6QnfsyzifAJJrNHYTO6j9J,70,2FXC3k01G6Gw61bmprjgqS
Post Malone,Buyer Beware,6wOmmoM5nyS6mOyzo9wDjC,74,246dkjvS1zLTtiykXe5h60
BLP KOSHER,Special K,20LjVwLgn8EaT2LvEoK0Nl,72,6w60ExNMjs0gd4ioh7GMRI
Lauv,Love U Like That,3rmqiQbzPDx7A8p88IRFKg,77,5JZ7CnR6gTvEMKX4g70Amv
Labrinth,The Feels,3l3iCfpZsxbxWJhYoiQNkD,77,2feDdbD5araYcm6JhFHHw7
Morgan Wallen,Me To Me,3CqT9ajcy6pY7TonEPiV4H,71,4oUHIQIBe0LHzYfvXNW4QM
Joyner Lucas,Cut U Off,2YIIpDEKJv6OUc7u9tVT7I,73,6C1ohJrd5VydigQtaGy5Wa
Luke Combs,Love You Anyway,3qXsX3mYSsD1DmAvc3PE3N,72,718COspgdWOnwOFpJHRZHS
d4vd,Sleep Well,5ye1TParxcolbnNsOXO8qE,80,5y8tKLUfMvliMe8IKamR32
Elle King,Lucky,6DE1vkPkMn2I77360IBb8t,70,3bhu7P5PfngueRHiB9hjcx
Tito Double P,LA 701,62vhlXTC4rrb13dVUlyYpO,81,5eumcnUkdmGvkvcsx1WFNG
Metro Boomin,"Link Up (Metro Boomin & Don Toliver, Wizkid feat. BEAM & Toian) - Spider-Verse Remix (Spider-Man: Across the Spider-Verse )",0y8Pu7x5jXgUjOIJvQIF5L,77,0iEtIxbK0KxaSlF7G42ZOp
Kanii,Heart Racing,2xkCK64mVslpApVL7i6Mxj,74,1S82w4yw9TYIHZ889mPPaW
LUCKI,Leave Her,0MZGwYb5mTATbmoi671wEg,71,5tQMB0cuNXdCtzovGt55uD
Chris Janson,All I Need Is You,02FAxAwzApe6pAqfAL3dLr,70,60gmlHZmT16wiO9GiXKYK9
Tatsuya Kitani,青のすみか,12usPU2WnqgCHAW1EK2dfd,84,7mvhRvEAHiCTQHUnH7fgnv
Rema,Calm Down (with Selena Gomez),1s7oOCT8vauUh01PbJD6ps,82,46pWGuE3dSwY3bMMXGBvVS
Lil Mabu,RICH SCHOLAR,2hsNdc8rDVN2O5QOxbGayy,73,6FAo7ORAHEzSSf5q10LLfN
jnhygs,XTAYALIVE,1JjiTsqfpfMoukoIW9cM5O,75,0H942IkjXv9bjx5OxoG7kh
Post Malone,Landmine,6Sjg6cp8yXtKX5DrcEl7HV,74,246dkjvS1zLTtiykXe5h60
Odetari,DOUBLE TROUBLE,0EvsatxXGGHUxaAlksEeNK,75,7ITMCzIU9uII8gwRg8JAhc
Hozier,Eat Your Young,2SXx7Ofa79CeJfio98aJcG,70,2FXC3k01G6Gw61bmprjgqS
Fred again..,adore u,3YgtkOxZsTuaZdL8McA1FQ,81,4oLeXFyACqeem2VImYeBFe
Jimin,Alone,5Hfnps0jaWFpYg55WOPexG,79,1oSPZhvZMIrWW5I41kPkkY
j-hope,on the street (with J. Cole),5wxYxygyHpbgv0EXZuqb9V,81,0b1sIQumIAsNbqAoIClSpy
Odetari,I <3 LATINAS,5ZYc494Yhj18o8nbG777LV,75,7ITMCzIU9uII8gwRg8JAhc
Sleep Token,Take Me Back To Eden,2Gt7fjNlx901pPRkvBiNBZ,73,2n2RSaZqBuUUukhbLlpnE6
Lil Uzi Vert,"Mama, I’m Sorry",5V5Xpbmqi2rp1xSJWZTvYu,72,4O15NlyKLIASxsJ0PrXPfz
Don Toliver,"Givin’ Up (Not The One) (Don Toliver & 21 Savage, 2 Chainz)",0KoBrntyQ2x6Y1eZwgGe5P,75,4Gso3d4CscCijv0lmajZWs
Grupo Frontera,EN ALTAVOZ,6L2wWlVVD6R2bczNdnSqKr,79,6XkjpgcEsYab502Vr1bBeW
Post Malone,Hold My Breath,4qtxILwBcAHEHbG7R0xF4r,74,246dkjvS1zLTtiykXe5h60
Hozier,Who We Are,7FHMNRLUgVHTfNaNAGaTbg,69,2FXC3k01G6Gw61bmprjgqS
Post Malone,Laugh It Off,26EjM7ZMAnWOKPAuKNOX24,75,246dkjvS1zLTtiykXe5h60
Jung Kook,Seven (feat. Latto) (Explicit Ver.),39mR7R6oZOa1K9deHnOKqE,85,6HaGTQPmzraVmaVxvz6EUc
Peso Pluma,77,6jUgruwAzfIA3HUQIO3wCR,76,12GqGscKJx3aE4t07u7eVZ
Morgan Wallen,Devil Don’t Know,2PsbT927UanvyH9VprlNOu,70,4oUHIQIBe0LHzYfvXNW4QM
Yeat,Nun id change,00zk0uua6s2ifh0Nc3ppfW,79,3qiHUAX7zY4Qnjx8TNUzVx
Morgan Wallen,In The Bible (feat. HARDY),2aw1aEAxMe05MZIS5XiK8U,70,4oUHIQIBe0LHzYfvXNW4QM
Nardo Wick,Hot Boy (feat. Lil Baby),31yydnZnSeCwkRPY7tlgQJ,71,0Njy6yR9LykNKYg9yE23QN
Morgan Wallen,Single Than She Was,12BjylmI6NS7ydikIzbuD0,70,4oUHIQIBe0LHzYfvXNW4QM
Lil Uzi Vert,The End (feat. BABYMETAL),07TSrx1BDK6twM9avkYzbe,74,4O15NlyKLIASxsJ0PrXPfz
Falling In Reverse,Last Resort - Reimagined,73GKs8oNFFmtomWj7EsSU0,75,2CmaKO2zEGJ1NWpS1yfVGz
Nicky Jam,69,13Z5Q40pa1Ly7aQk1oW8Ce,81,1SupJlEpv7RS2tPNRaHViT
Dominic Fike,Hey Blondie,0hABacr1yTSleOlPKpIWBb,76,6USv9qhCn6zfxlBQIYJ9qs
Morgan Wallen,Me + All Your Reasons,68eDGmSTQgxJde9JTG7b71,70,4oUHIQIBe0LHzYfvXNW4QM
Grupo Marca Registrada,Princesa,1JhGcvVRdJoteIf56GkGwf,74,1gW6pz5n1aK249L0GvfQCC
Agust D,Haegeum,4bjN59DRXFRxBE1g5ne6B1,85,5RmQ8k4l3HZ8JoPb4mNsML
Young Thug,"Wit Da Racks (feat. 21 Savage, Travis Scott & Yak Gotti)",0r75DNlHu4recmKUdZeMfG,73,50co4Is1HCEo8bhOyUWKpn
BigXthaPlug,Texas,2p5La0D38fkvhobrC1HRCU,69,6qxpnaukVayrQn6ViNvu9I
NF,HOPE,12cZWGf5ZgLcKubEW9mx5q,75,6fOMl44jA4Sp5b9PpYCkzz
Trippie Redd,Trip McKnight,44lme9otJbQhWX4QsvPkXa,71,6Xgp2XMz1fhVYe7i6yNAax
Gucci Mane,06 Gucci (feat. DaBaby & 21 Savage),4mWbFYZ9P14Ulf1LIFZGhH,72,13y7CgLHjMVRMDqxdx0Xdo
Bebe Rexha,One in a Million,3YfGTvsTAWGC2lgoDOikUz,82,64M6ah0SkkRsnPGtGiRAbb
Lil Yachty,Slide,00rMGQGXFeY2VQTrg7SWde,72,6icQOAFXDZKsumw3YXyusw
XG,LEFT RIGHT,3v5o91PrUtf0nmO6j8J7dZ,78,0LOK81e9H5lr61HlGGHqwA
Malcolm Todd,Roommates,1PJe0Vt9p0QaV4ZNHUwml0,72,7eKkW1zo5uzW8kUntiiBvz
Key Glock,Presidential Rolex,23L1gQJjtlZMrZPZvluyQe,71,0RESbWvOMyua0yuyVrztJ5
King Von,From The Hood,7jVMNHk15YGRHRXYFoCXK8,73,6QtgPSJPSzcnn7dPZ4VINp
Jimin,Set Me Free Pt.2,1fpj1CJPxY3YvN3AMAEYvt,80,1oSPZhvZMIrWW5I41kPkkY
Lana Del Rey,A&W,5nW4z3pfZgJAJ2QTCz9AIE,78,00FQb4jTyendYWaN8pK0wa
Lil Uzi Vert,Zoom (Bonus Track),3VFGA65JnN8EDmnRb5SHW2,72,4O15NlyKLIASxsJ0PrXPfz
Tame Impala,Journey To The Real World,43evTNhnbi70nlOVZ8Q5sK,76,5INjqkS1o8h1imAzPqGZBb
aespa,Spicy,1ULdASrNy5rurl1TZfFaMP,81,6YVMFz59CuY7ngCxTxjpxE
OHGEESY,GEEKALEEK (feat. Cash Kidd),2f9JzwRy6Ofr5ixvN0ojKt,70,3ppQEG71r7jVpI8RudzycF
Kelsea Ballerini,How Do I Do This,2I3LMMYVOZBsnAkHmKaSke,70,3RqBeV12Tt7A8xH3zBDDUF
Morgan Wallen,Outlook,3uKJ1sSJXGLCMItH0YNPkh,70,4oUHIQIBe0LHzYfvXNW4QM
Yo Gotti,The One,3V0A5gVJFGy4Hmo3MJ59uD,71,6Ha4aES39QiVjR0L2lwuwq
Brian Kelley,See You Next Summer,7Ez0QMtgIQ60BOHGHh3yPc,70,46c50yWMo9wiTgVe1VxBbQ
Ty Dolla $ign,Motion (feat. Chris Brown),3TV0uB4XI6vBoN7MjOhiAC,72,7c0XG5cIJTrrAgEC3ULPiq
Trippie Redd,KNIGHT CRAWLER (feat. Juice WRLD),3fNMgjG8yXaSam46swhz7w,72,6Xgp2XMz1fhVYe7i6yNAax
lucidbeatz,Let U Go,40TZnaw4eDPChJNHw2Swf3,76,4jEwTCIHu0hdDbamxScpou
Sam Barber,Dancing in the Sky,1M0POGmdV86bx026Ky2ip8,71,08GfvCW09pv2QP4y9sle2a
ITZY,CAKE,3syxwxJqX5jpgjNYmvzdW6,80,2KC9Qb60EaY0kW4eH68vr3
FISHER,TAKE IT OFF,7zp9FOU4cjFdGN1zdWTvcB,76,1VJ0briNOlXRtJUAzoUJdt
Doechii,What It Is (Block Boy) (with Kodak Black),1O8zCu3dLLPxkbGfIsbRgE,80,4E2rKHVDssGJm2SCDOMMJB
Shakira,Acróstico,7txjUEY6McJDJKqIo1Rxjp,85,0EmeFodog0BfCgMzAIvKQp
Lay Bankz,Na Na Na,6G4ICKUrsPb117ULGyrQ5N,73,4OVbrPbhvK46A1uXTU1u5F
Sexyy Red,Looking For The Hoes (Ain’t My Fault),4LadsagnXZM7SEOpHjHIHA,70,3DbwFQlvLxRSi2uX8mf81A
Babyface Ray,Ron Artest,4Wlz0HsHZlJy0NDK2h6jq6,70,3zZ88AwlTwfCJkowsFCvLA
Wisp,Your face,5MRWG1owcChqkYFIzsYlMb,73,3TJZG17pjOKXwx1ELKJPfm
TAEYANG,Shoong! (feat. LISA of BLACKPINK),5HrIcZOo1DysX53qDRlRnt,76,6udveWUgX4vu75FF0DTrXV
Ez Mil,Realest (with Eminem),049m5wlslFiYLQuqxrG6QB,76,1IQ4CjwKkdARjL5KtYiMt4
Noah Kahan,She Calls Me Back,1KUINfIgNjnttphTi4imgI,71,2RQXRUsr4IW1f3mKyKsy4B
Lil Tjay,Bla Bla (feat. Fivio Foreign),1xHcIJHIHwr2PUyTmFTWTy,74,6jGMq4yGs7aQzuGsMgVgZR
Natanael Cano,Pacas De Billetes,3IMuuBcKSeFqQSlF2XluA1,80,0elWFr7TW8piilVRYJUe4P
Morgan Wallen,Hope That’s True,2Ej3iV0nulryy9S3UQvjSx,70,4oUHIQIBe0LHzYfvXNW4QM
Gabito Ballesteros,La Mamoncita del Insta,4Dg3WEqGpBbSu4EKjudiwV,78,6Sbl0NT50roqWvy746MfVf
Olivia Rodrigo,vampire,4OC6qCqVMscZLBMnLTsVyg,74,1McMsnEElThX1knmY4oliG
Laufey,Bewitched,6GNmllEUoNK0rxAmthPEQf,74,7gW0r5CkdEUMm42w9XpyZO
d4vd,This Is How It Feels (with Laufey),6BQPRUFGHsgtNYJxuwhktR,74,5y8tKLUfMvliMe8IKamR32
TOMORROW X TOGETHER,Sugar Rush Ride,0rhI6gvOeCKA502RdJAbfs,80,0ghlgldX5Dd6720Q3qFyQB
Trippie Redd,Wind (feat. The Kid LAROI),1SJDyvnsKWHe8OE7sXRHfZ,71,6Xgp2XMz1fhVYe7i6yNAax
NF,HOPE,0EgLxY52mpGsXETyEsgVlP,74,6fOMl44jA4Sp5b9PpYCkzz
Carin Leon,Ni Me Debes Ni Te Debo,3Zin1vaMx7PjFWIOBTE4FM,83,66ihevNkSYNzRAl44dx6jJ
Morgan Wallen,Tennessee Numbers,5NzfnUyVaNrxa2VtoyBWlR,70,4oUHIQIBe0LHzYfvXNW4QM
Loud Luxury,If Only I (feat. Bebe Rexha),4W7bfpXBXrH79dnWyJMkEX,73,6t1gpxYbY8OlLA7D2RiikQ
P!nk,TRUSTFALL,4FWbsd91QSvgr1dSWwW51e,82,1KCSPY1glIKqW2TotWuXOR
Morgan Wallen,Tennessee Fan,7ya4zrCKDslIfrztqglRIP,70,4oUHIQIBe0LHzYfvXNW4QM
Jelly Roll,She,3lz2xoHZPbYSFVtQf8jMic,69,19k8AgwwTSxeaxkOuCQEJs
KAROL G,BICHOTA,7zxpzVusirEkxte6K4396C,0,790FomKkXshlbRYZFtlgla
KAROL G,Culpables,5KlZHAYvVPEZ2RRgBIXjnf,1,790FomKkXshlbRYZFtlgla
KAROL G,Ahora Me Llama - Remix,0Go7394p7vswTQ0kmKDbXC,0,790FomKkXshlbRYZFtlgla
KAROL G,Follow,15KddCNq7bJMyAcykeYgWi,0,790FomKkXshlbRYZFtlgla
KAROL G,SEJODIOTO,6XndmaX8SRG6ko1EFOQKKM,0,790FomKkXshlbRYZFtlgla
KAROL G,AMARGURA,0jxUDJyEgxNnV7ALIVAJu3,0,790FomKkXshlbRYZFtlgla
KAROL G,Mi Cama,3cNqANaxaubIRvNmV8SIUN,0,790FomKkXshlbRYZFtlgla
KAROL G,La Dama,34Bu7HUi6zbrNweAVqf5cE,0,790FomKkXshlbRYZFtlgla
KAROL G,X SI VOLVEMOS,1HJpSk2ue0DG3T0dlvO2Jc,0,790FomKkXshlbRYZFtlgla
KAROL G,TUS GAFITAS,43qbXYRVwHQinMtR0hH8TN,3,790FomKkXshlbRYZFtlgla
KAROL G,KÁRMIKA,6CJwsf24IRwDOdduowMDSL,2,790FomKkXshlbRYZFtlgla
Halle,Angel,2soZTM1x1GBiQGMAsXKXpd,74,3HsVtnnjOUToyJThxaoBfx
Young Miko,Lisa,44FzVABpR2cciquTqADA0D,82,3qsKSpcV3ncke3hw52JSMB
Fuerza Regida,Tiki Taka Toco,4aDnEQkzc61DwlWTeHQqRr,73,0ys2OFYzWYB5hRDLCsBqxt
Bring Me The Horizon,LosT,5BgnL6gHauuvxe4Ok6W1aC,78,1Ffb6ejR6Fe5IamqA5oRUF
Kelsea Ballerini,Blindsided,65gLItuJFVkdt3k4ibQMAz,70,3RqBeV12Tt7A8xH3zBDDUF
Oliver Anthony Music,Doggonit - Original recording,7p9fBwLcoG5zdAukb2xgSr,70,6IkfE2JyVoKwBZXvuytKX3
Lil Uzi Vert,Nakamura,2lophWrG2xqv9CSgSPca5k,71,4O15NlyKLIASxsJ0PrXPfz
Quavo,Who Wit Me,6SlEbe7ae9NBK6QjM6tR0l,70,0VRj0yCOv2FXJNP47XQnx5
Quavo,Mama Told Me,69pERsAEF1iG84e1CxZJod,70,0VRj0yCOv2FXJNP47XQnx5
KAROL G,Tusa,0AI1M4gKZFaPefVfZXoYTI,0,790FomKkXshlbRYZFtlgla
KAROL G,SEJODIOTO,0XkotqY5qDkjkccFoibCjy,3,790FomKkXshlbRYZFtlgla
KAROL G,SEJODIOTO,2ePKqyefRo1YbH9hmhfYFs,0,790FomKkXshlbRYZFtlgla
KAROL G,La Dama,5n5gZ7fj1qkNMNBjxrOzq3,0,790FomKkXshlbRYZFtlgla
Sleep Token,Granite,4mxiv6HQfhqgIuN5iOONQd,72,2n2RSaZqBuUUukhbLlpnE6
KAROL G,TQG,3l4mjIXFgcBZXEqv6ZmloA,1,790FomKkXshlbRYZFtlgla
KAROL G,X SI VOLVEMOS,7wVRaSBYCJQvYW08uN9Wbh,1,790FomKkXshlbRYZFtlgla
KAROL G,ODISEA,20NKDzvf7wXLvtABTs4R8N,0,790FomKkXshlbRYZFtlgla
KAROL G,Ahora Me Llama,6OL5FkbXQ5PsPWdyxWQnPR,0,790FomKkXshlbRYZFtlgla
Tainy,mañana,6eSlDHA3XYLha1e0z8I9DO,78,0GM7qgcRCORpGnfcN2tCiB
ZEROBASEONE,In Bloom,3F4lHPNHlvr3RpO4tpVOIs,78,7cjg7EkeZy3OI5o9Qthc6n
Offset,Danger (Spider) (Offset & JID),3X6qK1LdMkSOhklwRa2ZfG,74,4DdkRBBYG6Yk9Ka8tdJ9BW
KAROL G,PERO TÚ,1dw7qShk971xMD6r6mA4VN,79,790FomKkXshlbRYZFtlgla
Jay Wheeler,Pacto (feat. Bryant Myers & Dei V) - Remix,2VOXLA9TzOAVCjDi7RY5DV,84,2cPqdH7XMvwaBJEVjheH8g
Trippie Redd,Last Days,2UU1YyRuo7bZTwi6pJHqPW,70,6Xgp2XMz1fhVYe7i6yNAax
Lana Del Rey,Love,4zCApGcU9tIxPgiEWhresk,1,00FQb4jTyendYWaN8pK0wa
Lana Del Rey,Diet Mountain Dew,3S5l5X6dq2gkrgvYyxiuUB,1,00FQb4jTyendYWaN8pK0wa
Lana Del Rey,Lust For Life,2Ak03EhQg1QxWm8kKszCAc,0,00FQb4jTyendYWaN8pK0wa
Lana Del Rey,Brooklyn Baby,2iBZvmVpgobD217Kkq92mi,1,00FQb4jTyendYWaN8pK0wa
Oliver Anthony Music,I Want to go Home,6AF00PUvxgVktZBMs7Apd4,70,6IkfE2JyVoKwBZXvuytKX3
Carin Leon,No Es Por Acá,6tEl8GwFJEFyxZAO1ibTRF,79,66ihevNkSYNzRAl44dx6jJ
KAROL G,AMARGURA,1hRYVcpyJpl95VF4fnF4x1,3,790FomKkXshlbRYZFtlgla
KAROL G,MIENTRAS ME CURO DEL CORA,6gyuVNNzvVaPrP0eKVsPWF,4,790FomKkXshlbRYZFtlgla
KAROL G,Punto G,1ZK8C2WPBO6jf3PigGsjNj,0,790FomKkXshlbRYZFtlgla
KAROL G,Punto G,2igDXzMcYmvxMvfBSEFEYh,0,790FomKkXshlbRYZFtlgla
KAROL G,A Ella,2ZuqEWeOGmnpGJr1yxjr2k,0,790FomKkXshlbRYZFtlgla
KAROL G,Mi Cama - Remix,1C0w3uNsUiJ7tyMKgsWZ7D,0,790FomKkXshlbRYZFtlgla
KAROL G,Mi Cama - Remix,6XdAlSetDjgWIsrVMOKVhJ,1,790FomKkXshlbRYZFtlgla
KAROL G,ARRANCA PAL CARAJO,1aMoDwIE4IfPBoQHTHNGR0,0,790FomKkXshlbRYZFtlgla
KAROL G,Culpables,4PQEjb9o4qnOI4ZMGcAsZR,0,790FomKkXshlbRYZFtlgla
KAROL G,Follow,6eF60aGpv5vOcw9LUB48jD,0,790FomKkXshlbRYZFtlgla
Lana Del Rey,Summertime Sadness,2MW8wzopMPLXvIK9BSFWAj,0,00FQb4jTyendYWaN8pK0wa
Lana Del Rey,Lolita,3fZVqEzMxgapNX8kDGZSph,0,00FQb4jTyendYWaN8pK0wa
Lana Del Rey,Summertime Sadness,33rnohp3SMMgVJT2pSvlte,0,00FQb4jTyendYWaN8pK0wa
Lana Del Rey,Brooklyn Baby,2j0K3NoSL3VVciDjugX09N,0,00FQb4jTyendYWaN8pK0wa
Lana Del Rey,Get Free,0I48FemPSHjp2xwU6DAO1E,1,00FQb4jTyendYWaN8pK0wa
Lana Del Rey,Lust For Life,1vHPj3eyVLBgfSelI6TaKu,0,00FQb4jTyendYWaN8pK0wa
Lana Del Rey,Doin' Time,3OHsuq78ioxPFX6ZJ6QQQ1,0,00FQb4jTyendYWaN8pK0wa
Lana Del Rey,Summertime Sadness,7EGK0c7giFyHxDvC2Fq4p4,0,00FQb4jTyendYWaN8pK0wa
Lana Del Rey,Radio,1Zh0lUwTXtNEMMhcvZRkEi,0,00FQb4jTyendYWaN8pK0wa
Odetari,WET DREAMS (w/ Nimstarr),4as0bvI0a6VSgjWObsvwhi,74,7ITMCzIU9uII8gwRg8JAhc
Cordae,Two Tens (feat. Anderson .Paak),6clDsO8HwhHEgJDDp88VdL,73,0huGjMyP507tBCARyzSkrv
Lana Del Rey,Cinnamon Girl,6vHbCTDNVsOHphA8OA4nkJ,4,00FQb4jTyendYWaN8pK0wa
Lana Del Rey,Summertime Sadness,5f2XL0BbCY5mHpIyIhAlhr,0,00FQb4jTyendYWaN8pK0wa
Lana Del Rey,hope is a dangerous thing for a woman like me to have - but I have it,0amkOkuQPg280EiqIB2qV0,1,00FQb4jTyendYWaN8pK0wa
Lana Del Rey,Watercolor Eyes - From “Euphoria” An HBO Original Series,1W6kalovcHwVUwPCBBATDp,1,00FQb4jTyendYWaN8pK0wa
Lana Del Rey,Young And Beautiful,3Cllf9QGjoD7z7rJorkxFJ,0,00FQb4jTyendYWaN8pK0wa
Lana Del Rey,Guns And Roses,02vSIrAWgV0V5FxLX4qw7n,1,00FQb4jTyendYWaN8pK0wa
Lana Del Rey,Did you know that there's a tunnel under Ocean Blvd,1iU9HLwYK7JwUUDiamkVB5,1,00FQb4jTyendYWaN8pK0wa
Lana Del Rey,Honeymoon,1V8ZD2cObFDdVBbfVoZ2Iq,2,00FQb4jTyendYWaN8pK0wa
Lana Del Rey,Young And Beautiful,3OtnrlCtEqLQgehbmp5XIg,2,00FQb4jTyendYWaN8pK0wa
Lana Del Rey,Doin' Time,1PzKlfq9897fV7sTYoDxHf,2,00FQb4jTyendYWaN8pK0wa
Lana Del Rey,Summertime Sadness,6O1dBHSisUC6BQFXuWJGf0,1,00FQb4jTyendYWaN8pK0wa
Lana Del Rey,West Coast,5zEwJYhuf8dElF3gcNkjf0,3,00FQb4jTyendYWaN8pK0wa
Hozier,Son of Nyx,0XDitVRGOZEdTuoIItU9Q1,68,2FXC3k01G6Gw61bmprjgqS
Big Thief,Vampire Empire,0ToG55iJZCOzZkcpWbXxpW,72,5QdyldG4Fl4TPiOIeMNpBZ
Bailey Zimmerman,Get to Gettin’ Gone,3C3ooMrQyhr0gouukZTGz4,70,3win9vGIxFfBRag9S63wwf
Gabito Ballesteros,Ya Corazón,49lbKqbCI8SmJfW64OYXGZ,78,6Sbl0NT50roqWvy746MfVf
Jessie Murph,Always Been You,53UMRr4KOgZP5Ins0aGlhs,73,2yLzlEFtIS0Q9UkyBZdQA7
XG,GRL GVNG,5OqMZ8In8CkCa0SbknnDPl,78,0LOK81e9H5lr61HlGGHqwA
Post Malone,Sunflower - Spider-Man: Into the Spider-Verse,15udQMw3sd7xeh1WOM0An5,6,246dkjvS1zLTtiykXe5h60
Post Malone,Sunflower - Spider-Man: Into the Spider-Verse,14Px8BOOc0j3TuLZzTzKlX,1,246dkjvS1zLTtiykXe5h60
Post Malone,Sunflower - Spider-Man: Into the Spider-Verse,7JxS23r22S2dO2xDue6DWU,1,246dkjvS1zLTtiykXe5h60
Post Malone,Overdrive,0yrFcymfuL2wH9MP1rNpuu,2,246dkjvS1zLTtiykXe5h60
Post Malone,Circles,1r6LzL4FoLQWfgvLzIcNRY,2,246dkjvS1zLTtiykXe5h60
Post Malone,Feeling Whitney,4a589hIBWOxcR9yNeQNYhC,2,246dkjvS1zLTtiykXe5h60
Post Malone,White Iverson,2ZK8OLGQP5ZFnLoTVZtufb,4,246dkjvS1zLTtiykXe5h60
Post Malone,I Fall Apart,5ofTF3AIhOjx19Y4ys4rU9,0,246dkjvS1zLTtiykXe5h60
Post Malone,rockstar,1tD24peHo8PQcO1VAyjOSP,3,246dkjvS1zLTtiykXe5h60
Post Malone,Wow.,4SHd8WywRkBhkpr3Y37jx3,2,246dkjvS1zLTtiykXe5h60
Morgan Wallen,Last Drive Down Main,3NsqLy0x8l9VyNfOHQTNHs,70,4oUHIQIBe0LHzYfvXNW4QM
Darius Rucker,Fires Don't Start Themselves,6Ahy5fItdBfXRVWYOLo7pM,69,7FY5V3XMwlNBPitEjXowHQ
Post Malone,Enough Is Enough,2MBFmKlPwRNGf6mIhJgVyJ,1,246dkjvS1zLTtiykXe5h60
Post Malone,Enemies,5ZlAatsDGIfF7VrUrckroo,0,246dkjvS1zLTtiykXe5h60
Post Malone,Sunflower - Spider-Man: Into the Spider-Verse,13XxagSDaMADME5Ba1IsU0,1,246dkjvS1zLTtiykXe5h60
Post Malone,I Fall Apart,1ddBe0DfDD9QSiXoWY3y9V,0,246dkjvS1zLTtiykXe5h60
Post Malone,Overdrive,3DyclCa035KeNn4pyV0JUl,0,246dkjvS1zLTtiykXe5h60
Post Malone,Go Flex,00fwh6zHEvOA3M8Nwb6QjC,0,246dkjvS1zLTtiykXe5h60
Post Malone,Sunflower - Spider-Man: Into the Spider-Verse,7oACdgx4vk2KEDq5fKlEr6,0,246dkjvS1zLTtiykXe5h60
Post Malone,I Like You (A Happier Song),0kvDJwEobO2Y52desjsWQt,0,246dkjvS1zLTtiykXe5h60
Post Malone,Circles,11DxZINtXh2M48WYn6oEyd,0,246dkjvS1zLTtiykXe5h60
Post Malone,Go Flex,0Huvm5jTqoW5hRWDoWvNDk,1,246dkjvS1zLTtiykXe5h60
Post Malone,Circles,55qydcK16eu6RvnRsIjvE1,0,246dkjvS1zLTtiykXe5h60
Post Malone,Go Flex,67b0BeVY6S7JseJrCxpPjQ,0,246dkjvS1zLTtiykXe5h60
Post Malone,White Iverson,3yusSZQwbSJvGXLlb1PDxi,0,246dkjvS1zLTtiykXe5h60
Post Malone,Stay,40FuBHvDtypzR82FJpg9Bo,0,246dkjvS1zLTtiykXe5h60
Post Malone,Wasting Angels,7lvjOa0NU9OFqM0r6TY8jF,0,246dkjvS1zLTtiykXe5h60
Post Malone,rockstar,02VxskCknnsIAZTKbvra9S,1,246dkjvS1zLTtiykXe5h60
Post Malone,White Iverson,1F47Z3c5XmDhLYHvoYcXKv,2,246dkjvS1zLTtiykXe5h60
Post Malone,Psycho,0Jpqj1yvnIqmCOsW1NHIHO,1,246dkjvS1zLTtiykXe5h60
Post Malone,rockstar,2zm5wbbPD27k5JC5bWV2o6,0,246dkjvS1zLTtiykXe5h60
Post Malone,Better Now,24fc2DSfQgnWkLJkfrZWCN,1,246dkjvS1zLTtiykXe5h60
Post Malone,rockstar,74FiMOCNlOWiRqH6Mw4heH,0,246dkjvS1zLTtiykXe5h60
Post Malone,Psycho,5XDyxLekxMmUt5TzRS4wv5,0,246dkjvS1zLTtiykXe5h60
Post Malone,Better Now,42tbs7YAweZUTNrZe2afG7,0,246dkjvS1zLTtiykXe5h60
Post Malone,Congratulations,25weWztjDNiq6pMwOfuLL6,0,246dkjvS1zLTtiykXe5h60
Post Malone,I Fall Apart,6rGIh4427KEDFieLP3u5lv,0,246dkjvS1zLTtiykXe5h60
Post Malone,I Fall Apart,6BL9IOpBf9aXP00SG6Jh9u,0,246dkjvS1zLTtiykXe5h60
Post Malone,rockstar,5pLwoJLhoJEI4l6kuE59Df,0,246dkjvS1zLTtiykXe5h60
Post Malone,Go Flex,0OboLLx3C6QMe0DFnxdSkn,0,246dkjvS1zLTtiykXe5h60
Sleepy Hallow,GBG (feat. Marshmello),6gmwkJCHUJa6f9RP4UrjSk,72,6EPlBSH2RSiettczlz7ihV
Zach Templar,missin something,790xAaylcgzyKm40GM95Gl,74,5YgOA27qcu8nSl1lp5ektj
Parker McCollum,Burn It Down - Radio Edit,4bARASJEokNacSYtEhoNBp,69,0Z8XVUAOBPM4x12wKnFHEQ
Feid,Niña Bonita,4sx2ViYJpodkjAwqgnHgUF,2,2LRoIwlKmHjgvigdNGBHNo
Feid,Niña Bonita,2BJOBXDJIgQzKYLendrDMm,2,2LRoIwlKmHjgvigdNGBHNo
Feid,Niña Bonita,3wP30vJg5mevHS40v3Ac5R,2,2LRoIwlKmHjgvigdNGBHNo
Feid,Classy 101,2bmcWnQvtmbKP8jl2qBMqb,3,2LRoIwlKmHjgvigdNGBHNo
Feid,Feliz Cumpleaños Ferxxo,53dikAgMnp5b5SylDlovpH,1,2LRoIwlKmHjgvigdNGBHNo
Feid,Niña Bonita,20KYd49aXSMpEgOUPd73PJ,3,2LRoIwlKmHjgvigdNGBHNo
Feid,Niña Bonita,0LpIATXIeztPUDPoYwyPIN,4,2LRoIwlKmHjgvigdNGBHNo
Feid,Niña Bonita,1bV9RHWctEHpOnPXirzRh5,2,2LRoIwlKmHjgvigdNGBHNo
Feid,Niña Bonita,1oCbjOJbviLNLoGVXC9dlH,1,2LRoIwlKmHjgvigdNGBHNo
Feid,Sígueme - Remix,3riqvojLB7kSuhQTYpZ3C0,2,2LRoIwlKmHjgvigdNGBHNo
Feid,Niña Bonita,0J2F3z3asPiGv8gaHv2muc,2,2LRoIwlKmHjgvigdNGBHNo
Feid,Niña Bonita,2qAUq2BVziin4Incp6RXcS,3,2LRoIwlKmHjgvigdNGBHNo
Feid,Niña Bonita,37ksLPEaZfkv3b60ZyJki6,2,2LRoIwlKmHjgvigdNGBHNo
Feid,Niña Bonita,2XEvihI9QzJBdud8QsYeB5,4,2LRoIwlKmHjgvigdNGBHNo
Feid,Nuestra Canción,2Ezmo3Dn9R9BvkDZQrsje8,1,2LRoIwlKmHjgvigdNGBHNo
Feid,Feliz Cumpleaños Ferxxo,25FthTOgCWxvrOZQ4LxEJC,0,2LRoIwlKmHjgvigdNGBHNo
Feid,EL CUARTO DE FERXXO,1eKTDeTj2z7DXOPJfJqRPt,0,2LRoIwlKmHjgvigdNGBHNo
Feid,EL CUARTO DE FERXXO,0OtSD4nLuo6WabBMTNVZ0W,0,2LRoIwlKmHjgvigdNGBHNo
Feid,AMOR DE MI VIDA,1YHT5aUWcK7Raf6O82hDkD,5,2LRoIwlKmHjgvigdNGBHNo
Feid,PORFA,3nZ1SW7K2HC4l1aH0KMjIz,3,2LRoIwlKmHjgvigdNGBHNo
Feid,SI TÚ SUPIERAS,6pQLkizckVQqLusQzIs2UE,3,2LRoIwlKmHjgvigdNGBHNo
Feid,14 De Febrero,3CRwgK1MbfWvuwIGlfYiXV,5,2LRoIwlKmHjgvigdNGBHNo
Feid,Classy 101,5y2jQVKu9j8Wpk6xc4qHtZ,3,2LRoIwlKmHjgvigdNGBHNo
Feid,Feliz Cumpleaños Ferxxo,78QVbeytt6YGo7bZYEcCpE,1,2LRoIwlKmHjgvigdNGBHNo
Feid,TE MATA,3lpPkiq5i6obZRLvtZcdEo,3,2LRoIwlKmHjgvigdNGBHNo
Feid,badwine - Remix,4mIN9bxnXVAq76jzayX1VV,0,2LRoIwlKmHjgvigdNGBHNo
Feid,VIDEITOXX,0naLsKKAu9PRP4V4KFYr6q,0,2LRoIwlKmHjgvigdNGBHNo
Feid,Que Raro,2WupDlNKsy4BTwpEZoOmkj,1,2LRoIwlKmHjgvigdNGBHNo
Feid,FRESH KERIAS,47lKHUkgsDFVAO9hdO3ki3,1,2LRoIwlKmHjgvigdNGBHNo
Feid,FUMETEO - Remix,0zRnPTNnaHg1T4LYY76hHW,0,2LRoIwlKmHjgvigdNGBHNo
Feid,SI TÚ SUPIERAS,2X7v4MtGu0I2e4GTlfNgmd,0,2LRoIwlKmHjgvigdNGBHNo
Feid,FRIKI,0MbCqqnC1GubR56WRZXyOu,0,2LRoIwlKmHjgvigdNGBHNo
Feid,JAMAICA,4Z8iXnJFt3LKEM83KLHhPU,0,2LRoIwlKmHjgvigdNGBHNo
Feid,VACAXIONES,1YYcfvQNeR8frvxbWWau7i,0,2LRoIwlKmHjgvigdNGBHNo
Feid,Niña Bonita,3hgp3GHeBqbiYwom0zL1hZ,1,2LRoIwlKmHjgvigdNGBHNo
Feid,PURRITO APA,0XwejjbQ0IhyLI1qGG0YNJ,0,2LRoIwlKmHjgvigdNGBHNo
Trippie Redd,Left 4 Dead,14MbcUsRJO7gsTL5QDtaR9,69,6Xgp2XMz1fhVYe7i6yNAax
Edgardo Nuñez,No Quiero Perderte,00bc7aBgwI1wD3zEwrcH4h,75,0mA4dkNGiN4fqTBi2SLlAv
Alexander Stewart,i wish you cheated,6ErCfbbI9BG4bK2djjKUvP,77,0znpFLuaey34oJTE1jHSnT
Noah Kahan,If We Were Vampires (feat. Wesley Schultz) - Spotify Singles,6LKvzEJQTIm2RrWAMPwQH6,71,2RQXRUsr4IW1f3mKyKsy4B
Feid,Classy 101,3Lw46EjYx2aJADoL2tCrhR,2,2LRoIwlKmHjgvigdNGBHNo
Feid,A veces,5xjxP5qd3IfPc7osCR2NYV,2,2LRoIwlKmHjgvigdNGBHNo
Feid,A veces,7quGkhPJ4z0VAAJz9HXwed,2,2LRoIwlKmHjgvigdNGBHNo
Feid,PORFA,0D9WmVKsEvGAii1WDmoseB,1,2LRoIwlKmHjgvigdNGBHNo
Feid,Classy 101,0rYDVzT8OAhVhcjpCdMvCW,4,2LRoIwlKmHjgvigdNGBHNo
Feid,PORFA,3icrGqiw1v6Gj8Je0v41RN,1,2LRoIwlKmHjgvigdNGBHNo
Feid,Prohibidox,2ZV53KqjztpKEXn9fSLLPe,2,2LRoIwlKmHjgvigdNGBHNo
Feid,A veces,7vzj21LdaqYDTieqYEmh8S,1,2LRoIwlKmHjgvigdNGBHNo
Feid,Feliz Cumpleaños Ferxxo,7ttFjFfaRd5bdAzvf0fnFm,0,2LRoIwlKmHjgvigdNGBHNo
Feid,PORFA,3GT6h1jBxfPxotdsUD9QM1,0,2LRoIwlKmHjgvigdNGBHNo
Feid,A veces,2PRYsuMD8nmiG1fxoCzhC0,0,2LRoIwlKmHjgvigdNGBHNo
Feid,A veces,35pYtNRRY1buv5S48SAYen,0,2LRoIwlKmHjgvigdNGBHNo
Feid,Sígueme - Remix,49pFs2I6UiZA6ru3XK2RSp,1,2LRoIwlKmHjgvigdNGBHNo
Feid,A veces,315K12xLZ6JS1XZkwHlYNF,0,2LRoIwlKmHjgvigdNGBHNo
Feid,RELXJXTE,1nHM9EvGygUZQe2SbvlZA2,0,2LRoIwlKmHjgvigdNGBHNo
Feid,A veces,78LNCDEI7yXvdjyNyuKkY4,1,2LRoIwlKmHjgvigdNGBHNo
Feid,A veces,7bheMrdCmgCGYQ5iYTKwHo,1,2LRoIwlKmHjgvigdNGBHNo
Feid,PORFA,3L1AvMW3QfKmMqSZsyV0sT,1,2LRoIwlKmHjgvigdNGBHNo
Feid,Classy 101,4B9smksXZEmD0nJ4Czoii5,1,2LRoIwlKmHjgvigdNGBHNo
Feid,A veces,2S2uc3VPPda6tmj8MRf177,0,2LRoIwlKmHjgvigdNGBHNo
Feid,Feliz Cumpleaños Ferxxo,2ZLFHQf1rPxP4FaP4oqoxR,0,2LRoIwlKmHjgvigdNGBHNo
Feid,BORRAXXA,0FMgICkkG7T8nRYmjBzOj4,0,2LRoIwlKmHjgvigdNGBHNo
Feid,FUMETEO - Remix,7fP463mloKC4HmOe67u7gM,1,2LRoIwlKmHjgvigdNGBHNo
Feid,California,14ZQFJxca5Un3x1k73rqSk,0,2LRoIwlKmHjgvigdNGBHNo
Feid,Feliz Cumpleaños Ferxxo,1hYXbKLWHtBE9tnEy1RSIb,0,2LRoIwlKmHjgvigdNGBHNo
PARTYNEXTDOOR,R e s e n t m e n t,4HISFDmENrT1reZ5nMUe4l,73,2HPaUgqeutzr3jx5a9WyDV
Morgan Wallen,F150-50,77kye8TttXpEbvgoiVjZdo,69,4oUHIQIBe0LHzYfvXNW4QM
Lil Uzi Vert,Aye (feat. Travis Scott),64TWJ4FzxLoymllTYihANc,49,4O15NlyKLIASxsJ0PrXPfz
Lil Uzi Vert,Pluto to Mars,6kV67tgugBvXu62muar7P0,50,4O15NlyKLIASxsJ0PrXPfz
Lil Uzi Vert,Days Come and Go,4U9rOu3QZHJyJ7QBgpPYCY,48,4O15NlyKLIASxsJ0PrXPfz
Lil Uzi Vert,Zoom,4OacF87yYUQhImnU7FLHGK,52,4O15NlyKLIASxsJ0PrXPfz
Lil Uzi Vert,I Gotta,1SDrA1Y1MlgdP55qTWk95u,47,4O15NlyKLIASxsJ0PrXPfz
Skrillex,Fine Day Anthem,6tifCCTIVBLC2TmTquYG7G,77,5he5w2lnU9x7JFhnwcekXX
NF,RUNNING,1l0wPhFZP1kWkZNQrrYrGy,74,6fOMl44jA4Sp5b9PpYCkzz
Kodak Black,"Angel Pt. 1 (feat. Jimin of BTS, JVKE & Muni Long)",4g1Ant3Me43Cm5Lx91bV8e,77,46SHBwWsqBkxI7EeeBEQG7
Quavo,Where Can I Start,53riQCWGQdAgQtT2aS6b9U,69,0VRj0yCOv2FXJNP47XQnx5
Hozier,To Someone From A Warm Climate (Uiscefhuaraithe),0cfhXKQGi6BJZxbvO21g7p,67,2FXC3k01G6Gw61bmprjgqS
Hozier,Unknown / Nth,1ptwL6lZNLc654XAaHqcHb,68,2FXC3k01G6Gw61bmprjgqS
Juice WRLD,The Light,6j5BK1cFX9TjJd5EXHGgAn,73,4MCBfE4596Uoi2O4DtmEMz
Hozier,Abstract (Psychopomp),5XNOw5EcLiqeqx8KDQY5Q6,67,2FXC3k01G6Gw61bmprjgqS
Hozier,Anything But,0qPHyYoGZeujrXNwNEvkQv,67,2FXC3k01G6Gw61bmprjgqS
d4vd,You and I,1tuSpba0RXUMubHpAOWlMN,73,5y8tKLUfMvliMe8IKamR32
Quavo,Rocket Power,4wmanmyr7qybonPp2WT5WW,68,0VRj0yCOv2FXJNP47XQnx5
KAROL G,TUS GAFITAS,3gOI5aQD4mOMLsP3aWrkon,77,790FomKkXshlbRYZFtlgla
Victoria Monét,We Might Even Be Falling In Love (Duet) - Spotify Singles,0wOtc2nY3NOohp4xSwOyTN,74,63XBtGSEZINSyXylZxEUbv
Post Malone,Green Thumb,04J9hE3RhAsecsgVWl70jW,73,246dkjvS1zLTtiykXe5h60
Morgan Wallen,Keith Whitley,1vcJdUJDM2NVXBsGncmLyh,69,4oUHIQIBe0LHzYfvXNW4QM
Gunna,bread & butter,6GoVUO5vla1JtUj2rq9Yl4,73,2hlmm7s2ICUX0LVIhVFlZQ
Hozier,Butchered Tongue,38U4hYYzUbydvJ4J5YZEy6,67,2FXC3k01G6Gw61bmprjgqS
The Kid LAROI,Forever & Again (From Barbie The Album),6Ky8ROf2VWY5vwoGfMet7x,75,2tIP7SsRs7vjIcLrU85W8J
Sha Gz,New Opp,2TeC1gKpfWDJYwFf6udy6k,72,5cZA9NpcHyvZjWldBitrR2
NBSPLV,The Lost Soul Down - Slowed & Reverb,5XtsfMFmpM401S6dbVaOQw,79,61TQfpvTjHYQjPrvtJPwVa
Jessie Murph,Cowboys And Angels,6HhZDGrpQuj2iLiN1JCpyl,70,2yLzlEFtIS0Q9UkyBZdQA7
Quavo,Wall To Wall,6IgFFnT7ikUWvFSjzxNf0S,69,0VRj0yCOv2FXJNP47XQnx5
Angela Asiana,Hör nie auf damit,60933NIkFKyI5O7cgMWjhA,72,25vgYguyPkprd0hE2IRnZT
Rauw Alejandro,CUANDO BAJE EL SOL,4OVHxReloGwGriqVFF2M79,76,1mcTU81TzQhprhouKaTkpq
Lana Del Rey,"Paris, Texas (feat. SYML)",0Oqxt6JixieLHbwMfnJGWO,77,00FQb4jTyendYWaN8pK0wa
Hozier,All Things End,5csu6psyW6UN4ggucwOuDR,67,2FXC3k01G6Gw61bmprjgqS
Davido,UNAVAILABLE (feat. Musa Keys),2kaH2Z8ezDUKf6fNw250rZ,83,0Y3agQaa6g2r0YmHPOO9rh
Oscar Maydon,3 Doritos Despues (En Vivo),07aKw7LfC27IGSb5ppldIQ,78,3l9G1G9MxH6DaRhwLklaf5
Don Omar,Podemos Repetirlo,0If7xxzqs7Dv1SSO2MFKXF,78,33ScadVnbm2X8kkUqOkC6Z
Lil Tjay,2 Grown (feat. The Kid LAROI),5ybZcAwqUF7i9gwABLeXzs,75,6jGMq4yGs7aQzuGsMgVgZR
KAROL G,GATÚBELA,6Vn1vje8yMw2OY6IOk9dkH,76,790FomKkXshlbRYZFtlgla
Zach Bryan,Holy Roller (feat. Sierra Ferrell),7LsRwrpgHunHQuvDo47tJl,39,40ZNYROS4zLfyyBSs2PGe2
Zach Bryan,Hey Driver (feat. The War and Treaty),6dkrAE3bMGQAJYdVbv0fGn,37,40ZNYROS4zLfyyBSs2PGe2
KAROL G,OJOS FERRARI,5yAIrkplUEpMNeojW8Q30o,74,790FomKkXshlbRYZFtlgla
Gunna,bottom,6WKh2qSTswuv8QG60Wu29F,72,2hlmm7s2ICUX0LVIhVFlZQ
Chino Pacas,Yo Preferí Chambear,2WtrZ4LQ2DV07LFyuYCZUN,74,2rmkQLzj0k4nZdQehOUByO
Lewis Capaldi,Forget Me,3iHzKA9HlXf5wsGdsrsnSA,82,4GNC7GD6oZMSxPGyXy4MNB
KAI,Rover,3WUyu94psXrYV6HZbXgcFA,80,6iVo62B0bdTknRcrktCmak
KAROL G,PROVENZA - REMIX,7DmP5W2DbhXC7uKYbYXtIm,75,790FomKkXshlbRYZFtlgla
Zach Bryan,East Side of Sorrow,00syWkRGIVQvYsg2OwfBUw,73,40ZNYROS4zLfyyBSs2PGe2
Zach Bryan,Hey Driver (feat. The War and Treaty),4pCbJC43j3gSqG6Fen6upD,73,40ZNYROS4zLfyyBSs2PGe2
Zach Bryan,I Remember Everything (feat. Kacey Musgraves),4KULAymBBJcPRpk1yO4dOG,74,40ZNYROS4zLfyyBSs2PGe2
Zach Bryan,Tradesman,6Otmq7JokHh38wKSqUimcS,71,40ZNYROS4zLfyyBSs2PGe2
Zach Bryan,Oklahoman Son,4ueTr01dkL360w1knfh21C,70,40ZNYROS4zLfyyBSs2PGe2
Zach Bryan,Ticking,1HwDRgozGBMyfJTQUfz09A,72,40ZNYROS4zLfyyBSs2PGe2
Zach Bryan,El Dorado,7C1BLYzAvR0KdBpov3GpUZ,71,40ZNYROS4zLfyyBSs2PGe2
Zach Bryan,Jake's Piano - Long Island,2pUYbyOIOSfDfsnCR3KceZ,71,40ZNYROS4zLfyyBSs2PGe2
Zach Bryan,Fear and Friday's (Poem),44IXD2J5yyr7PpOZzz2cmQ,72,40ZNYROS4zLfyyBSs2PGe2
Zach Bryan,Spotless (feat. The Lumineers),5W1qIFkzQWFv9p1isrnpe9,58,40ZNYROS4zLfyyBSs2PGe2
Zach Bryan,I Remember Everything (feat. Kacey Musgraves),58pTPJPBjw1xL9OcLcQczU,59,40ZNYROS4zLfyyBSs2PGe2
Zach Bryan,Spotless (feat. The Lumineers),0HEytGQM3bG1vKxER7IgVK,72,40ZNYROS4zLfyyBSs2PGe2
Zach Bryan,Smaller Acts,67aaFVnfvFWjxVQMd0jDb5,70,40ZNYROS4zLfyyBSs2PGe2
Zach Bryan,Fear and Friday's,0GMiRrUnQuoGddKMsxGPIZ,72,40ZNYROS4zLfyyBSs2PGe2
Zach Bryan,Summertime's Close,7eOuUmpnHBlg5zsm8Cs7c3,73,40ZNYROS4zLfyyBSs2PGe2
Zach Bryan,Tourniquet,3EvZ03hGAFwGZ2Ebcu86YH,71,40ZNYROS4zLfyyBSs2PGe2
Zach Bryan,Holy Roller (feat. Sierra Ferrell),3itgPtXSu4I9mr2QD6yrzP,71,40ZNYROS4zLfyyBSs2PGe2
Zach Bryan,Overtime,5pIVEk6Di7n1v5khOzJaJL,74,40ZNYROS4zLfyyBSs2PGe2
EI8HT,Silk & Cologne (EI8HT & Offset) - Spider-Verse Remix,5Lv5L45PQmp5CTjs5PlQ6e,75,70rSvlI9SRspEr0C84bJ5Q
Megan Moroney,I'm Not Pretty,2ePiBvKtQOCBHq9uOlwiiU,69,5Ppie0uPnbnvGBYRwYmlt0
Lauren Daigle,Thank God I Do,4gK7xnjIonY6mGJWiWcJT8,70,40LHVA5BTQp9RxHOQ9JPYj
Lil Uzi Vert,Amped,2ydwqnjPOcM24MV0kLThwi,71,4O15NlyKLIASxsJ0PrXPfz
MISAMO,Do not touch,1w6b63TmaXFk1jhPOY0FkY,78,0IwZVmMMGE7nNXS7vN9SIo
Hozier,First Light,0xCYHtz6bHgKY9zqP7Yciu,67,2FXC3k01G6Gw61bmprjgqS
Kanii,I Know,2RkMSIqUdveO3p8KVpYBYI,72,1S82w4yw9TYIHZ889mPPaW
Connor Price,Spinnin,4r0kug4vaNx3d8qyDLhQes,75,5zixe6AbgXPqt4c1uSl94L
Mac DeMarco,20191009 I Like Her,3oUn55qKRZ1JFzfQNbJjS1,72,3Sz7ZnJQBIHsXLUSo0OQtM
Junior H,Cuerno Mio,1kiwk2pQBVQNIbx7Hf3y8Z,77,7Gi6gjaWy3DxyilpF1a8Is
Superstar Pride,PAINTING PICTURES,6KXKcH4QO1MiGrMQOGoADP,73,3FBEsNyIwRnOHOf1Rv3SLa
Noah Kahan,The View Between Villages - Extended,5ihBtaVVMqO5VqJA5wnmfy,70,2RQXRUsr4IW1f3mKyKsy4B
Trippie Redd,Thinking Bout You,2JqONz7Hm7k6D8CDvZaFV8,69,6Xgp2XMz1fhVYe7i6yNAax
(G)I-DLE,I DO,6SePnvTZkIXZznc8Ftc6vM,78,2AfmfGFbe0A0WsTYm0SDTx
Noah Kahan,All My Love,11F1Tpe5da6M6vKLbUjauU,70,2RQXRUsr4IW1f3mKyKsy4B
Morgan Wallen,Everything I Love,0cv6mTbrqr8vxGC31NjKtM,69,4oUHIQIBe0LHzYfvXNW4QM
OneRepublic,RUNAWAY,07fbDnkKdZGk1gLvknxrns,83,5Pwc4xIPtQLFEnJriah9YJ
Dominic Fike,Frisky,3my33XXLpYUzVEeLOyftV2,70,6USv9qhCn6zfxlBQIYJ9qs
ROSALÍA,VAMPIROS,3Eax1yebRxj6LSYpxE9Yd3,78,7ltDVBr6mKbRvohxheJ9h1
HARDY,SOLD OUT,4D4d3N9nuPnvNg3ZAICWTN,69,5QNm7E7RU2m64l6Gliu8Oy
Lauren Spencer Smith,That Part,7vfCm8tEWV9lCpyY1nvJVB,77,79AyR6ATpj2LTPxfb6FX50
$uicideboy$,Big Shot Cream Soda,3wHRgXJJTTwS2CkusTpn56,70,1VPmR4DJC1PlOtd0IADAO0
DaBaby,SHAKE SUMN (with Sexyy Red) - REMIX,3IxGpAFxBAAfCQ6dv6sBiw,69,4r63FhuTkUYltbVAg5TQnk
Old Dominion,I Should Have Married You,3XhhXPBUI2BKs8FTOOdHfR,69,6y8XlgIV8BLlIg1tT1R10i
Lil Mabu,On The Radar Freestyle,1K0gaqpmv9pWtIWZl4EcAG,71,6FAo7ORAHEzSSf5q10LLfN
Trippie Redd,Last Days,6m63k9onxYHiugyMIy2jjg,71,6Xgp2XMz1fhVYe7i6yNAax
Sleep Token,Rain,0GXwlEXCO8qeeeOIYpsR3m,72,2n2RSaZqBuUUukhbLlpnE6
Trippie Redd,I'm Mad At Me (feat. Lil Wayne),0OwUA3xLGpxgsBNQYVMno4,69,6Xgp2XMz1fhVYe7i6yNAax
Yeat,Split,3HqGDrSOZ6LbBfX5EsiaAj,72,3qiHUAX7zY4Qnjx8TNUzVx
Riley Green,Mississippi Or Me,5JDM1KbfvautHx2Il9DjMZ,69,2QMsj4XJ7ne2hojxt6v5eb
Lil Uzi Vert,All Alone,6kHYpEnDpMCyGu0E2PlWY1,70,4O15NlyKLIASxsJ0PrXPfz
Quavo,Disciples,4uhHPuMHYujbT55nPXSaLc,68,0VRj0yCOv2FXJNP47XQnx5
Luke Combs,Fast Car - Live,7AQjb9B8CJ9Hb07ma21zoy,59,718COspgdWOnwOFpJHRZHS
$uicideboy$,Whole Lotta Grey,4s0R9lDVKIchcSlFBPosIN,69,1VPmR4DJC1PlOtd0IADAO0
Quavo,Greatness,5yemXFXSGZoTXNOjj3dbuz,68,0VRj0yCOv2FXJNP47XQnx5
Quavo,Galaxy,4WOzoYJm0P5oT2Gwso6pSx,68,0VRj0yCOv2FXJNP47XQnx5
Panter Bélico,Símbolo Sexual,7nDgUvJLsinxKYyQhv3tAK,80,7pESOE4dEq8Yk4OKlJa3pS
Nate Smith,Whiskey On You,0unNLQbn2xlm2nPcB1pdjS,70,4NYMUsIcUUsBHbV9DICa5x
Mike WiLL Made-It,Blood Moon (feat. Lil Uzi Vert),1OaAlsbTJugFODycEgIDUj,72,0NWbwDZY1VkRqFafuQm6wk
Dave,UK Rap,2VjOTvl50tscmc0RDjPdr2,82,6Ip8FS7vWT1uKkJSweANQK
